Page ID,Page Name,Disclaimer,Amount Spent (HUF)
120370174702378,Magyarország Kormánya,Magyarország Kormánya,3866781
9844779306,Fidesz,Fidesz,1590767
110313197104744,Szabad Városok,Mindenki Budapestért Egyesület,775913
178362315106,European Parliament,European Parliament,750852
109637397268775,Nyugati Pályán,Splendidea Communications Kft,689203
592204747588011,Momentum Mozgalom,Momentum Mozgalom,589320
1102138083139329,Mátraszőlős Község Szeretlek,Tóth Gyula,583705
287770891404,Jobbik Magyarországért Mozgalom,Jobbik Magyarországért Mozgalom,526310
108096777416791,EzaLényeg.hu - Nógrád,EzaLényeg.hu,522685
1880809845328535,Dobrev Klára,DK Delegation of the Progressive Alliance of Socialists & Democrats in the European Parliament,386273
115388925185513,Magyar Szocialista Párt,MSZP,369601
1102138083139329,Mátraszőlős Község Szeretlek,These ads ran without a disclaimer,358447
169599166463839,Demokratikus Koalíció,Demokratikus Koalíció,343547
1880809845328535,Dobrev Klára,Demokratikus Koalíció,263002
107898832590939,European Commission,European Commission,257451
187301974635606,Gyurcsány Ferenc,Demokratikus Koalíció,249575
287770891404,Jobbik Magyarországért Mozgalom,Országgyűlés Hivatala Jobbik Frakció,239493
100401808007704,EzaLényeg.hu,EzaLényeg.hu,209998
264517713636590,PestiSracok.hu,PestiSrácok.hu,204716
35634348348,Greenpeace Magyarország,Greenpeace Magyarország,189484
781030738624077,Gyöngyösi Márton,Gyöngyösi Márton,175317
113684438795574,Párbeszéd Magyarországért,Párbeszéd Magyarországért,165041
105138317541029,Sándor József polgármesterjelölt,These ads ran without a disclaimer,159523
47198507012,LMP - Magyarország Zöld Pártja,LMP - Lehet Más a Politika,146484
781150971947219,Jakab Péter,Országgyűlés Hivatala Jobbik Frakció,137460
230385242742,KDNP és Frakciója,KDNP frakció,108299
1714281055259422,Momentum Nógrád,Momentum Mozgalom,107401
438674070213065,Magyar Állampapír,Magyar Állampapír,96463
215138878595900,Európai Bizottság Magyarországi Képviselete,Európai Bizottság Magyarországi Képviselete,93798
202099276507678,24.hu,24.hu,93187
326635018181862,Magyar Nemzet,Magyar Nemzet,92763
100299381703981,Pesti TV,PestiTV,90455
510019792386607,Emberi Erőforrások Minisztériuma,Emberi Erőforrások Minisztériuma,90302
1631641157097374,Fekete Zsolt,MSZP Nógrád Megyei Területi Szövetsége,83258
149061108240,Kocsis Máté,Kocsis Máté,83170
112792003408792,Balassagyarmat szeretlek,Csach Gábor Lóránt,82325
244669668913278,Ökopolisz Alapítvány,Ökopolisz Alapítvány,80458
122702771108697,Magyar Hírlap,Magyar Hírlap Kiadói Kft.,79564
164061553749320,Nemzeti Televízió,Alfahír Hírportál,78058
788960034452071,Potápi Árpád János,Potápi Árpád János,77649
208726209161904,Z. Kárpát Dániel,Országgyűlés Hivatala Jobbik Frakció,76612
124991704202615,Magyar Természetvédők Szövetsége- Föld Barátai Magyarország,Magyar Természetvédők Szövetsége- Föld Barátai Magyarország,73413
191946490841225,Dúró Dóra,Mi Hazánk Mozgalom,72791
156847374371871,Szabó Tímea,Párbeszéd Magyarországért,71792
594088897289853,Alapjogokért Központ,Alapjogokért Központ,71105
1878531865537365,Kálmán Olga,Kálmán Olga Hivatalos oldala,69392
2158405567819066,Fülöp Attila,Fülöp Attila,69209
1370610756389472,Tőzsdeikereskedés.hu,Tőzsdeikereskedés.hu Kft,68151
71547793430,Fidelitas,Fidelitas,68092
1102138083139329,Mátraszőlős Község Szeretlek,Dr. Turza Csaba József,66299
128573907819549,Fekete-Győr András,Fekete-Győr András,66000
421262681731198,Vasarnap.hu,Kovács K. Zoltán Alapítvány,64364
44847086574,Amnesty International Magyarország,Amnesty International,63987
977398622334966,Aliatic,These ads ran without a disclaimer,63091
102159197929139,Terra Case,Görög Ádám,62719
108346693873484,Győrffy Balázs,Balazs Gyorffy,62530
294815374340858,Donáth Anna,Donáth Anna - Momentum,60984
1425355697692924,Dr. Tóth Bertalan,MSZP,59102
554058754619723,IKEA,IKEA,58305
506348326210466,Ungár Péter,LMP - Lehet Más a Politika,52726
306318386058001,Dr. Molnár Csaba,DK Delegation of the Progressive Alliance of Socialists & Democrats in the European Parliament,50378
1406386486355924,Partizán,Gulyás Márton Ferenc,48128
126539424061030,Háttér Társaság,Háttér Társaság,47323
141366725876424,European Greens,European Greens,47139
132040987346279,Csukáné Szerémy Andrea oldala,Csukáné Szerémy Andrea,44351
246722998817639,Rónai Sándor,DK Delegation of the Progressive Alliance of Socialists & Democrats in the European Parliament,43289
278117815576023,EU Justice and Consumers,The European Commission's Directorate-General for Justice and Consumers,42775
851784814892644,Simicskó István,KDNP frakció,42373
122801817729926,Vodafone Hungary,These ads ran without a disclaimer,41979
1716515511989547,Szabó Csaba közszereplő,Fidesz,41703
329107800543535,Sneider Tamás,Országgyűlés Hivatala Jobbik Frakció,39572
525574220799452,Alfahír,Alfahír Hírportál,39174
107453054183218,Berki Sándor,Párbeszéd Magyarországért,39093
106145428182812,Horváth Ferenc - Momentum,Momentum Mozgalom,38481
1461534750733248,Schmuck Erzsébet,LMP - Lehet Más a Politika,38263
1622954144645540,Századvég Gazdaságkutató,Századvég Gazdaságkutató,37022
191946490841225,Dúró Dóra,Sipos,36455
132593883577930,Dr. Keresztes László Lóránt,LMP - Lehet Más a Politika,36258
112879632128020,Novák Előd,Mi Hazánk Mozgalom,35222
191461774219575,hirado.hu,hirado.hu,34987
620030171664750,Mi Hazánk Mozgalom,Mi Hazánk Mozgalom,34674
1588782514740130,Grundfos Magyarország,Grundfos Magyarország,34458
306318386058001,Dr. Molnár Csaba,Demokratikus Koalíció,33941
224964221492530,Magyar Turisztikai Ügynökség,Magyar Turisztikai Ügynökség,33110
101028767982783,Ne dolgozz ingyen,PDSZ - Pedagógusok Demokratikus Szakszervezete,32754
106332960773994,Kék Bolygó Alapítvány,Kék Bolygó Klímavédelmi Alapítvány,31946
132040987346279,Csukáné Szerémy Andrea oldala,These ads ran without a disclaimer,31916
484401051735475,Príma,Príma,30902
152408681635243,Hírklikk.hu,Hírklikk.hu,29782
407084009419897,Dr. Szakács László,Dr. Szakács László,28728
1372750529476614,Demeter Márta,LMP - Lehet Más a Politika,28353
1431472540477496,Dr. Fülöp Erik,Országgyűlés Hivatala,28216
107042990653637,Fidesz-KDNP  Szécsény,These ads ran without a disclaimer,28112
510078013063912,Rózsa László Péter,Rózsa László Péter,26982
268042136672212,Századvég,Századvég Politikai Iskola Alapítvány,26970
116150066429881,Sági Alex,Jobbik Magyarországért Mozgalom,26927
2447633462171249,Szövetség a Balassagyarmatiakért,These ads ran without a disclaimer,26759
438674070213065,Magyar Állampapír,These ads ran without a disclaimer,26609
85568463466,Mérce,Mérce,26603
320701218553533,Alternatíva Párt,Alternatíva párt,26241
393705001216934,Dudás Róbert,Jobbik Magyarországért Mozgalom,25979
682448271826776,Cseh Katalin,Cseh Katalin,25314
682448271826776,Cseh Katalin,Momentum Mozgalom,24939
2302679173281077,Jobbik Salgótarján,Jobbik Magyarországért Mozgalom,24394
257711127995971,Érem Művészeti Kiadó Kft.,These ads ran without a disclaimer,24112
1828572300805912,Rosatom Global,These ads ran without a disclaimer,23990
781030738624077,Gyöngyösi Márton,Országgyűlés Hivatala Jobbik Frakció,23715
2074269302652716,Menczer Tamás,These ads ran without a disclaimer,23629
506348326210466,Ungár Péter,Ungár Péter,22947
103936480985864,Győri Enikő,Győri Enikő,22692
632806306818605,Novák Katalin,Novák Katalin,22525
149061108240,Kocsis Máté,Fidesz frakció,22301
1580459282191804,Agrármarketing Centrum,Agrármarketing Centrum,22203
35634348348,Greenpeace Magyarország,These ads ran without a disclaimer,22121
390232091384,Habitat for Humanity Magyarország,Habitat for Humanity Magyarország,22038
599485673455396,Magyar Éremkibocsátó Kft.,Magyar Éremkibocsátó Kft.,21854
150836998898897,aHang,aHang,21475
8657329535,Telekom Electronic Beats,These ads ran without a disclaimer,21393
53447723449,Publicus Intézet,Publicus Kutató és Tanácsadó Kft.,21186
230385242742,KDNP és Frakciója,KDNP és Frakciója,20999
228731803847927,Semjén Zsolt,Országgyűlés Hivatala KDNP frakció,20579
228731803847927,Semjén Zsolt,KDNP frakció,20518
134477239724,Bringázz a Munkába,Magyar Kerékpárosklub,20374
142116653162328,Márki-Zay Péter,Márki-Zay Péter,20132
296863813847164,Jobbik Balassagyarmat,Jobbik Magyarországért Mozgalom,20087
734217673259088,Ujhelyi István dr.,MSZP,20087
230385242742,KDNP és Frakciója,Országgyűlés Hivatala KDNP frakció,19967
112329076826451,Mi Hazánk Balassagyarmat,Bojtos Zsolt,19957
771373966347232,Skuczi Nándor közszereplő,These ads ran without a disclaimer,19378
108988690853942,Kásler Miklós,Kásler Miklós,19339
132593883577930,Dr. Keresztes László Lóránt,Dr. Keresztes László Lóránt,18816
112064378854586,Terror Háza Múzeum / House of Terror Museum,Terror Háza Múzeum / House of Terror Museum,18341
237088069704442,Ádám Kósa MEP,"Adam Kosa, Member of the European Parliament",18157
112407120345686,Farkas Örs,Farkas Örs,17667
126893087354793,Európai Parlament,Európai Parlament,17553
781150971947219,Jakab Péter,Jobbik Magyarországért Mozgalom,17249
447556782025193,Magyar Munkáspárt,Magyar Munkáspárt,17058
745695918854943,Nyugati Fény,Nyugati Fény,17038
76945222898,Startlap,Centrál Médiacsoport,16891
1560795780732708,"Székely Sándor, az Igen Szolidaritás országgyűlési képviselője",Országgyűlés Hivatala,16719
1360301207471601,Jobbik Rétság,Jobbik Magyarországért Mozgalom,16635
193702058028595,Lázár János hivatalos oldala,Lázár János hivatalos oldala,16604
191946490841225,Dúró Dóra,These ads ran without a disclaimer,16530
108271872940329,Ara-Kovacs Attila,DK Delegation of the Progressive Alliance of Socialists & Democrats in the European Parliament,16469
453253875264,Vágó Gábor,LMP - Lehet Más a Politika,16316
160102384102712,Szél Bernadett,Szél Bernadett,15767
2367481733536787,MSN Magyarország,These ads ran without a disclaimer,15592
180924612473518,Dr. Brenner Koloman,Országgyűlés Hivatala Jobbik Frakció,15485
543788999005363,ORIGO,New Wave Media Goup Kft.,15439
164978027477602,József Felföldi,József Felföldi,15378
751133218288660,XXI. Század Intézet,Közép- és Kelet-európai Történelem és Társadalom Kutatásáért Közalapítvány,15350
781030738624077,Gyöngyösi Márton,Jobbik Magyarországért Mozgalom,15327
557789078055341,Jobbik Szécsény,Jobbik Magyarországért Mozgalom,15206
170929876794984,Nők Civilben Egyesülett,Huczekné Rétvári Mónika,15000
1215492498464496,Angyal Károly,Angyal Károly Tibor,14793
243470906428319,Juhász Hajnalka,Juhász Hajnalka,14752
210242349159177,EU-Solar 0 Forintos Villanyszámla Garanciával,These ads ran without a disclaimer,14221
1855311791415561,Nurofen Magyarország,These ads ran without a disclaimer,14141
206160682739388,Harrach Péter,Harrach Péter,13875
117946450050134,Hajnal Sándor,Hajnal Sándor Mátyás,13673
115388925185513,Magyar Szocialista Párt,These ads ran without a disclaimer,13586
1084749598210454,Dr. Szabó Tünde,Dr. Szabó Tünde,13566
109503892404998,Világgazdaság,Világgazdaság,13506
557789078055341,Jobbik Szécsény,These ads ran without a disclaimer,13355
132720449036,Magyar Kerékpárosklub,Magyar Kerékpárosklub,13245
112879632128020,Novák Előd,These ads ran without a disclaimer,13035
129382163754757,Jobbik Ifjúsági Tagozat,Jobbik Magyarországért Mozgalom,13007
1122781531137859,Ellenszél,Ellenszél,12940
126893087354793,Európai Parlament,Európai Parlament Tájékoztatási Irodája,12907
111858283936607,Igaz Hang,József Felföldi,12280
1377431695828132,Nagy István,Dr. Nagy István,12107
122159141138679,Magyar Helsinki Bizottság / Hungarian Helsinki Committee,Magyar Helsinki Bizottság / Hungarian Helsinki Committee,12012
107898832590939,European Commission,These ads ran without a disclaimer,11966
103024827750491,Mi Várunk,Országgyűlés Hivatala Jobbik Frakció,11911
109117190565423,Számok - a baloldali álhírek ellenszere,Számok - a baloldali álhírek ellenszere,11881
1975175056145966,Farkas Attila közszereplő,These ads ran without a disclaimer,11601
525574220799452,Alfahír,Kiegyensúlyozott Médiáért Alapítvány,11553
134984140045777,Stummer János,Országgyűlés Hivatala Jobbik Frakció,11483
108941857376911,Igen Szolidaritás,Igen Szolidaritás,11440
127925800618165,Socialists and Democrats Group in the European Parliament,Socialists and Democrats Group in the European Parliament,11410
206160682739388,Harrach Péter,Országgyűlés Hivatala KDNP frakció,11360
116573845044900,Playersroom,These ads ran without a disclaimer,11291
100145531349308,Kontrapro.hu,Kontrapro.hu Kft.,11231
157270314427371,Simonka György,Simonkáné Gábor Marianna,11217
620030171664750,Mi Hazánk Mozgalom,These ads ran without a disclaimer,11149
183174515027839,Szilágyi György,Országgyűlés Hivatala Jobbik Frakció,11079
2158405567819066,Fülöp Attila,These ads ran without a disclaimer,11060
562712570560978,Azbej Tristan ن,Azbej Tristan,11028
734217673259088,Ujhelyi István dr.,These ads ran without a disclaimer,11013
44847086574,Amnesty International Magyarország,Amnesty International Magyarország,10927
129382163754757,Jobbik Ifjúsági Tagozat,Országgyűlés Hivatala Jobbik Frakció,10815
188002774639,Mesterházy Attila,Mesterházy Attila Csaba,10778
1408906262689093,Nyitrai Zsolt,Nyitrai Zsolt,10681
331580946799,Borsonline - Bors Szórakoztató Napilap,Borsonline - Bors Szórakoztató Napilap,10675
1534911313439123,Ripost,Ripost,10463
365977046868250,Nemzeti Agrárgazdasági Kamara - NAK,Nemzeti Agrárgazdasági Kamara - NAK,10197
1433332953628843,"Debreceni Állatkert, Növénykert és Vidámpark","Debreceni Állatkert, Növénykert és Vidámpark",10160
47198507012,LMP - Magyarország Zöld Pártja,LMP - Magyarország Zöld Pártja,10022
610740558997110,Balczó Zoltán,Jobbik Magyarországért Mozgalom,10010
112265210317688,Drinki,Drinki,9992
164762586881530,Mága Zoltán hegedűművész,These ads ran without a disclaimer,9987
100103228401991,Axióma,Axióma Kulturális Alapítvány,9911
155560531137359,Dorosz Dávid,Párbeszéd Magyarországért,9848
490006464353222,Dr. Lukács László György,Országgyűlés Hivatala Jobbik Frakció,9743
131797633528377,Jávor Benedek,Párbeszéd Magyarországért,9732
355633501941718,Neokohn,These ads ran without a disclaimer,9658
109637397268775,Nyugati Pályán,These ads ran without a disclaimer,9612
422399638586608,Indítsuk Be Magyarországot Alapítvány,Indítsuk Be Magyarországot Alapítvány,9535
110917903591801,Szabó Ádám képviselő,Szabó Ádám,9499
362277097183663,VELUX,VELUX,9469
115230488549915,Political Capital (HU),Political Capital (HU),9446
748348838626461,888.hu,888.hu,9351
283605605855438,Új Március,El a kezekkel a Kádár-sírtól,9314
314501110585,Kék Vonal,Kék Vonal,9195
184890488198962,Bana Tibor,Országgyűlés Hivatala Jobbik Frakció,9194
329107800543535,Sneider Tamás,Jobbik Magyarországért Mozgalom,9142
129875930406663,Udvari Kamaraszínház,Udvari Kamaraszínház,9089
1461534750733248,Schmuck Erzsébet,Zöld Baranya Kft._,8923
1429914920563493,Nunkovics Tibor,Országgyűlés Hivatala Jobbik Frakció,8921
490006464353222,Dr. Lukács László György,Jobbik Magyarországért Mozgalom,8827
853618601425615,Dedoles,These ads ran without a disclaimer,8702
305113236215306,Tok-Shop.hu,These ads ran without a disclaimer,8655
111950033611721,Zöld népszavazás 2020,LMP - Lehet Más a Politika,8401
162344823835042,atlatszo.hu,atlatszo.hu,8347
206519396034626,agrotrend.hu,Agrotrend Média Kft.,8338
141814862522641,Magyar Menedék,These ads ran without a disclaimer,8328
1716515511989547,Szabó Csaba közszereplő,These ads ran without a disclaimer,8167
128210328817041,NoMorePlastic,Dialogue Creatives,8052
161957537171267,Schmidt Mária,Schmidt Mária,8028
104590577586604,Nagyné Maruzs Ildikó képviselőjelölt,FIDESZ,7933
246722998817639,Rónai Sándor,Rónai Sándor,7932
114236027094531,Szedlák Attila,Szedlák Attila,7806
304242809601186,BP Shop,BP Shop,7596
1926735160968885,Válasz Online,Válasz Online,7384
149035118614177,Magyar Nemzeti Bank,These ads ran without a disclaimer,7350
2875100582630649,30 éve szabadon,Közép- és Kelet-európai Történelem és Társadalom Kutatásáért Közalapítvány,7311
1676809272597876,Jobbik Pásztó,Jobbik Magyarországért Mozgalom,7200
1937475189871096,TopMark.hu,These ads ran without a disclaimer,7193
319550972032140,Dócs Dávid,These ads ran without a disclaimer,7172
554566311285605,Első világháború,Első világháború,7158
578981892538123,Momentum Gyöngyös,Momentum Mozgalom,7137
594088897289853,Alapjogokért Központ,These ads ran without a disclaimer,7109
92932085233,TASZ,TASZ,7109
2024678420884437,Varga Judit,Varga Judit,7077
781150971947219,Jakab Péter,These ads ran without a disclaimer,6982
406305670209771,Hydrogen Technologies Hungary Motortisztítás & DPF gépi tisztítás,Nagy Tamás,6916
856433318046663,Tekauer Norbert önkormányzati képviselő - VÉD egyesület,These ads ran without a disclaimer,6897
184890488198962,Bana Tibor,Bana Tibor,6846
128210328817041,NoMorePlastic,These ads ran without a disclaimer,6808
470043443770837,Jobbik Diósjenő,Jobbik Magyarországért Mozgalom,6803
1193391110688366,Highlights of Hungary,Highlights of Hungary,6787
2309737912651039,Péterffy Attila,Péterffy Attila,6723
192540677451041,Gyémánt Út Buddhista Közösség,These ads ran without a disclaimer,6686
153035221415533,angolnyelvtanitas.hu,These ads ran without a disclaimer,6597
893102994164960,Hohn Krisztina,Zöld_Baranya_Kft_Ügynökség,6490
164061553749320,Nemzeti Televízió,Kiegyensúlyozott Médiáért Alapítvány,6431
893102994164960,Hohn Krisztina,LMP - Lehet Más a Politika,6401
466677564069400,Jobbik Romhány,Jobbik Magyarországért Mozgalom,6367
281527466391,Magyar Zoltán,Országgyűlés Hivatala Jobbik Frakció,6336
729627343834501,Kialo,These ads ran without a disclaimer,6299
694466644328040,Jobbik Nagylóc,Jobbik Magyarországért Mozgalom,6194
102753291819852,Europálya,Europálya,6190
105932557473917,Külhoni Magyarok,Külhoni Magyarok,6030
316002512431444,Tech@Facebook,These ads ran without a disclaimer,5997
394644524594898,Jobbik Nagyoroszi,Jobbik Magyarországért Mozgalom,5997
537817739693723,Brain Bar,Brain Bar,5995
838631906208176,Ander Balázs,Országgyűlés Hivatala Jobbik Frakció,5991
161746613987047,Állampolgári Bizottság az Emberi Jogokért,Állampolgári Bizottság az Emberi Jogokért,5948
1917999545117733,Paradigma Intézet,Paradigma Intézet Nonprofit Kft.,5940
240147763965,Baráth András - Gerilla Önéletrajz,These ads ran without a disclaimer,5921
278992483155,Tordai Bence,Párbeszéd Magyarországért,5815
113375923695023,Fidesz Budapest,Fidesz Budapest,5772
122559352472648,Svájci Alap,These ads ran without a disclaimer,5734
1401080026811438,Csányi Tamás,Országgyűlés Hivatala Jobbik Frakció,5679
104337347681259,4trees,4trees,5645
773120112778785,Rig Lajos,Országgyűlés Hivatala Jobbik Frakció,5533
1443972419239893,Best Ruházat,Best Ruházat,5465
296746467551099,Fenyvesi Gábor,Fenyvesi Gábor,5461
1193902320622038,Dr. Bajkai István,Dr. Bajkai István,5402
168983076942790,CricksyDog,These ads ran without a disclaimer,5386
345496092135627,Hír TV,Hír TV,5312
114007058629197,Bánfalvy Ági,These ads ran without a disclaimer,5234
253114601689663,Vasas Szakszervezeti Szövetség,Vasas Szakszervezeti Szövetség,5147
286931007596,SOS Gyermekfalvak,Berényi Károly Krisztián,5142
407695802676878,Nyitottak vagyunk,Nyitottak vagyunk,5136
728260423984010,Böröcz László,Böröcz László,5099
817613158611365,Jobbik Ludányhalászi,Jobbik Magyarországért Mozgalom,5098
119810034720839,Manna,These ads ran without a disclaimer,5076
132593883577930,Dr. Keresztes László Lóránt,Dr. Keresztes László Lóránt - Zöld Média Ügynökség Kft.,5072
876772425797119,Hölvényi György,Bartók-Meszleny Zita Judit,5031
123142634426874,Microsoft CEE,These ads ran without a disclaimer,5016
148044535395063,Dél-Békés Mentőcsoport,Simonkáné Gábor Marianna,5009
110119833704296,Együtt Rétságért,These ads ran without a disclaimer,5000
296863813847164,Jobbik Balassagyarmat,These ads ran without a disclaimer,5000
931186216990824,Bencsik János,Bencsik János,4891
490030231058740,444,These ads ran without a disclaimer,4823
200615179974476,Tégy az abortusz ellen,Karácsonyi Zoltán,4815
326632861287187,Gyuris Dávid,Gyuris Dávid Tibor,4809
1920158678081160,Nemzetpolitikai Államtitkárság,Nemzetpolitikai Államtitkárság,4766
212126705625642,Kocsis-Cake Olivio,Párbeszéd Magyarországért,4736
451084968283411,Klímainnovációs Közösség,Pannon Pro Innovations,4652
2326383940906558,Jobbik Drégelypalánk,Jobbik Magyarországért Mozgalom,4628
592204747588011,Momentum Mozgalom,These ads ran without a disclaimer,4627
388699951503967,Gyenes Szilárd,These ads ran without a disclaimer,4626
432303270141214,Roma Sajtóközpont - Roma Press Center,Roma Sajtóközpont - Roma Press Center,4617
1360301207471601,Jobbik Rétság,These ads ran without a disclaimer,4563
216317672082664,Spigiboy,Pintér András,4535
1566770296920759,Demokratikus Koalíció Pásztó,These ads ran without a disclaimer,4438
109023280756491,Írdalá.hu,Nest Communications,4430
205519186130149,Európa Könyvkiadó,Európa Könyvkiadó,4388
319848491555131,Dr. Varga-Damm Andrea,Országgyűlés Hivatala Jobbik Frakció,4366
822836871202195,Potocskáné Kőrösi Anita,Országgyűlés Hivatala Jobbik Frakció,4332
856433318046663,Tekauer Norbert önkormányzati képviselő - VÉD egyesület,Tekauer Norbert,4327
599385656745723,Simon Róbert Balázs,Simon Róbert Balázs,4309
219872105236956,Pátkai Mihály,These ads ran without a disclaimer,4308
167242593892716,Nemes Gábor,Nemes,4233
991199740951500,Szcientológia Egyház,These ads ran without a disclaimer,4198
2502629953120778,Jobbik Bercel,Jobbik Magyarországért Mozgalom,4195
132601530109047,Eötvös Károly Közpolitikai Intézet / Eötvös Károly Policy Institute,Eötvös Károly Közpolitikai Intézet,4078
481510085233995,Tarjáni Fészek,Tarjáni Fészek,4070
100550117996815,Kazsu Attila oldala,Kazsu Attila,4012
1325503114281671,Jobbik Karancslapujtő,Jobbik Magyarországért Mozalom,4005
237088069704442,Ádám Kósa MEP,These ads ran without a disclaimer,3898
211156277497,WWF Hungary,WWF Hungary,3883
106332960773994,Kék Bolygó Alapítvány,These ads ran without a disclaimer,3876
180924612473518,Dr. Brenner Koloman,Jobbik Magyarországért Mozgalom,3870
1461534750733248,Schmuck Erzsébet,Zöld Média Ügynökség Kft.,3862
267168140529488,György László,György László magánszemély,3707
111850287235233,Ibela Green,Ibela Könnyűipari és Kereskedelmi Szociális szövetkezet,3701
959798297495473,Nacsa Lőrinc,Nacsa Lőrinc,3671
103306314387366,1 Magyarország Kezdeményezés,Roma Sajtóközpont - Roma Press Center,3661
100286734686560,Sérelmek a pszichiátrián? Jelentse be itt,Állampolgári Bizottság az Emberi Jogokért,3661
164978926850719,Kommentár folyóirat,Kommentár folyóirat,3658
152333828132834,Harmónia Bútor,These ads ran without a disclaimer,3656
141366725876424,European Greens,These ads ran without a disclaimer,3626
117961442942614,Álljunk ki Borkai Zsolt mellett,Éljen Borkai,3620
599385656745723,Simon Róbert Balázs,These ads ran without a disclaimer,3603
108395900927334,Kovács István,Kovács István Megafon,3595
1411080585789966,Arató Gergely,Demokratikus Koalíció,3581
1944720419101498,Dr. Lévai István Zoltán,Dr. Lévai István Zoltán,3551
175631865860693,Vadai Ágnes,Demokratikus Koalíció,3535
529941717209471,Orbán Balázs,Orbán Balázs,3523
559317290883815,Vegeta - Főzz Szabadon,These ads ran without a disclaimer,3497
102641477991941,bahir.hu - BAHÍR,ZÖLD BARANYA KFT.,3495
126539424061030,Háttér Társaság,These ads ran without a disclaimer,3493
420335244825041,Mindent OLCSÓN,These ads ran without a disclaimer,3486
1425355697692924,Dr. Tóth Bertalan,These ads ran without a disclaimer,3480
1564259143797185,Jobbik Érsekvadkert,These ads ran without a disclaimer,3479
342785876208317,Mellár Tamás,Párbeszéd Magyarországért,3442
244064559374,Propeller.hu,Propeller.hu,3403
519279158277826,Szülői Hang,Szülői Hang,3389
108805473831547,Bera Péter Hivatalos Oldala,These ads ran without a disclaimer,3383
2280937925322660,Fehér Attila,Fehér Attila,3380
876772425797119,Hölvényi György,Hölvényi György,3364
1846213072090343,Gy. Németh Erzsébet,Demokratikus Koalíció,3339
183813614983493,Klubrádió,Klubrádió,3333
120370174702378,Magyarország Kormánya,These ads ran without a disclaimer,3321
1567420900021321,Kara Ákos,Kara Ákos,3293
109413374263225,Kontra,Kontra,3277
1372750529476614,Demeter Márta,Demeter Márta,3232
992066384198880,Tóth Edina,Tóth Edina,3227
312760606266010,Jobbik Karancskeszi,Jobbik Magyarországért mozgalom,3185
1207278799447022,INIS Pályázat,These ads ran without a disclaimer,3182
167242593892716,Nemes Gábor,These ads ran without a disclaimer,3182
739883629458065,Burány Sándor,Párbeszéd Magyarországért,3176
100905288315705,Jelen hetilap,Jelen hetilap,3136
1449423641866973,Illés Boglárka,Illés Boglárka,3109
347819348687196,Budapest Water Summit 2019,Budapest Water Summit 2019,3109
14792493292,Magyar Kétfarkú Kutya Párt,Magyar Kétfarkú Kutya Párt,3084
208726209161904,Z. Kárpát Dániel,Jobbik Magyarországért Mozgalom,3079
610138892419131,Exclusive Change Magyarország,These ads ran without a disclaimer,3051
1786125951661386,Idetartozunk Egyesület,Idetartozunk Egyesület,3030
1564259143797185,Jobbik Érsekvadkert,Jobbik Magyarországért Mozgalom,3000
657406044731308,Jobbik Varsány,Jobbik Magyarországért Mozgalom,3000
1969317953394587,Dr. Becsó Károly Országgyűlési képviselő,These ads ran without a disclaimer,3000
851784814892644,Simicskó István,Dr. Simicskó István,2998
893102994164960,Hohn Krisztina,Hohn_Krisztina_Zöld_Baranya_Kft_Ügynökség,2932
311409382758525,Schanda Tamás,These ads ran without a disclaimer,2931
343271226435438,C1 RoMa Média,These ads ran without a disclaimer,2926
128573907819549,Fekete-Győr András,Momentum Mozgalom,2910
170684003405327,Sportmánia Pécs,M-Sport Kft.,2880
778538352344518,Hollik István,"Hollik István, országgyűlési képviselő",2856
161361167407820,Tuzson Bence,Tuzson Bence,2856
1560795780732708,"Székely Sándor, az Igen Szolidaritás országgyűlési képviselője",SZOLIDARITÁS,2838
132704833411982,Gajda Péter,These ads ran without a disclaimer,2800
948663291926357,HVG BrandLab,HVG BrandLab,2791
1357776460950406,Reaktor,Reaktor Alapítvány,2783
208854949186732,Tesco Magyarország,These ads ran without a disclaimer,2778
215365671881695,Lounge Group,Lounge Group,2759
2074269302652716,Menczer Tamás,Tamás Menczer,2739
887921287887805,Király Nóra,These ads ran without a disclaimer,2727
2211225145581815,Jövő TV,Jövő Egyesület,2716
408924035951553,Hulladékmentes.hu,Hulladékmentes.hu,2678
148871286062209,WDOM Tetőlemez - Blachprofil2,Wisniewski Péter,2600
127539005484626,Very Important Planet,Zöld Terasz Alapítvány,2586
318790578956238,Ellensúly,Ökopolisz Alapítvány,2582
788960034452071,Potápi Árpád János,These ads ran without a disclaimer,2560
1372750529476614,Demeter Márta,Zöld Média Ügynökség Kft.,2541
147547541961576,Council of the European Union,Council of the European Union,2539
2191858934263550,Csináld másképp,These ads ran without a disclaimer,2538
146955527905,EU Civil Protection & Humanitarian Aid - ECHO,These ads ran without a disclaimer,2538
110566877158397,Laptapir,These ads ran without a disclaimer,2537
1645388555674191,Egyenlő Bánásmód Hatóság,These ads ran without a disclaimer,2528
605573586128381,K.T. Zelenay - a 2038 könyvek írója,These ads ran without a disclaimer,2527
260927000625137,VARJU László Újpest-Angyalföld,VARJU László Újpest-Angyalföld,2524
106117859442264,Chilly's Bottles,These ads ran without a disclaimer,2508
100287015389142,Tömeges Üzletnyitás,Le az Adók 75%-ával Párt,2507
1624938880972313,Jobbik Rimóc,Jobbik Magyarországért Mozgalom,2500
102851528200356,TEDxDanubia Countdown,TXD Impact Design Kft.,2494
115538980203895,EuroSurvey,These ads ran without a disclaimer,2486
100401808007704,EzaLényeg.hu,These ads ran without a disclaimer,2467
264210363649459,Élő Norbert,Élő Norbert,2417
319848491555131,Dr. Varga-Damm Andrea,Varga-Damm Andrea,2402
528719397570100,Flamingók,These ads ran without a disclaimer,2399
407249212726130,Forbes Magyarország,These ads ran without a disclaimer,2366
531037143654568,Horváth Laci,László Horváth,2359
795559303924823,Itthonról Otthonra,These ads ran without a disclaimer,2354
2345026452193652,Wazaricase,These ads ran without a disclaimer,2345
551672728204311,Bányai Gábor országgyűlési képviselő,Bányai Gábor országgyűlési képviselő,2340
1056891644470199,Országos Erdészeti Egyesület,Országos Erdészeti Egyesület,2280
159889247536834,Hírstart,These ads ran without a disclaimer,2277
231079957022490,Antall József Tudásközpont,Antall József Tudásközpont,2273
106252850914569,Dream Factory Foundation,Álomgyár Alapítvány,2245
112879632128020,Novák Előd,Milák Hajnalka,2235
1936388216579939,II. kerületi Fidesz,II. Kerületi Fidesz,2209
931186216990824,Bencsik János,Országgyűlés Hivatala Jobbik Frakció,2204
148044535395063,Dél-Békés Mentőcsoport,Dél-Békés Mentőcsoport Katasztrófavédelmi Alapítvány,2192
127627208059916,Csőzik László,László Csőzik,2183
160359728190575,Popon Csaba,Popon Csaba,2181
757956501234552,Budapest 10-es Választókerület,These ads ran without a disclaimer,2180
1518598151798702,Projeto AMOR JP,These ads ran without a disclaimer,2099
1040487469355385,TripActions,These ads ran without a disclaimer,2099
395638951262810,Jávorszki Tamás,Jávorszki Tamás,2094
2232835887027050,Nem adom a jövőmet,LMP - Lehet Más a Politika,2093
545968535470048,Fülöp Henrik,These ads ran without a disclaimer,2078
187301974635606,Gyurcsány Ferenc,These ads ran without a disclaimer,2076
1220658008054651,M1,These ads ran without a disclaimer,2066
831904296829738,Bánné dr. Gál Boglárka,Bánné Dr. Gál Boglárka,2047
136387873164491,Csárdi Antal,LMP - Lehet Más a Politika,2040
317323082490186,Jobbik Nógrádmegyer,Jobbik Magyarországért Mozgalom,2028
1423033134587393,Szabó Zsolt,These ads ran without a disclaimer,2027
197203437879379,Szaniszló Sándor,Szaniszló Sándor,2006
1065713933504228,Új Egyenlőség,Új Egyenlőség,1960
803718556320915,Csöbör Katalin,These ads ran without a disclaimer,1954
319007245486434,Hassay Zsófia,VI. kerületi Fidesz,1926
144333542637165,Jószolgálat-díj,Jószolgálat-díj,1923
206160682739388,Harrach Péter,KDNP frakció,1903
71547793430,Fidelitas,These ads ran without a disclaimer,1878
148651565488364,Menczer Erzsébet,These ads ran without a disclaimer,1877
1344531935687280,Hungary Helps - Magyarország segít,Hungary Helps,1876
103607814480517,Kovács Alex Gábor,Kovács Alex Gábor,1872
109541737111223,Khell Gyula Polgármester jelölt Nagybörzsöny,Khell Gyula Bogdán,1869
101789694531387,Mi Hazánk Mozgalom - Vác,Dr. Csereklye Erzsébet Krisztina,1845
2221050101487793,RAJT Mozgalom,Pintér Attila,1833
407249212726130,Forbes Magyarország,Forbes Magyarország,1833
106607667417772,Borkai szégyent hozott Győrre,These ads ran without a disclaimer,1824
2103304126556988,Pure Wonder Shopyz,These ads ran without a disclaimer,1815
181427688717979,Méregtelenítés HerbálFix,These ads ran without a disclaimer,1813
374287715993472,KlímavédDVelem,Lajtmann Csaba,1811
1584646591763647,Kanász-Nagy Máté,LMP - Magyarország Zöld Pártja,1809
1419553884962554,Nemzeti Ménesbirtok és Tangazdaság,These ads ran without a disclaimer,1802
832298706889408,111%,These ads ran without a disclaimer,1799
104492204641377,Az igazság az egészségről,These ads ran without a disclaimer,1799
104038631294757,Fazekas Attila SM,Attila Tamas Fazekas,1794
113183730045421,Momentum Klímakörök,Momentum Mozgalom,1793
1429914920563493,Nunkovics Tibor,Jobbik Magyarországért Mozgalom,1787
2099839810244976,Promenad,Promenad,1755
207486932716771,EUrologus,Nyitott Európáért Egyesület,1754
102753291819852,Europálya,These ads ran without a disclaimer,1750
193338710873126,Horinka László,Horinka László,1748
215551471947529,Sajómente,Sajómente,1746
338939005964,Becsó Zsolt országgyűlési képviselő,Fidesz,1741
151665991681369,Toroczkai László,These ads ran without a disclaimer,1725
174512709413807,Hazai Iván András,Hazai Iván András,1715
781030738624077,Gyöngyösi Márton,These ads ran without a disclaimer,1705
109983377136210,Polgári Magyarországért Alapítvány,Polgári Magyarországért Alapítvány,1702
110069120361485,Dr.Dézsi Csaba András,Dr. Dézsi Csaba András,1692
446534016192202,Borbély Ádám,Borbély Ádám,1675
311215062914930,Le az Adók 75%-ával Párt,Ecsenyi Àron,1655
311409382758525,Schanda Tamás,Schanda Tamás János,1635
103352274670620,Dr. Boros Anita,Dr. Boros Anita,1635
212006518894490,Szanyi Tibor,These ads ran without a disclaimer,1627
307618232709851,Hidvéghi Balázs,Hidvéghi Balázs,1625
173739546575458,Lehoczki Ádám,Lehoczki Ádám János,1616
180924612473518,Dr. Brenner Koloman,Dr. Brenner Koloman,1611
110022953668151,Kompolt Önkormányzata,Buzeskó Zsolt,1603
116759269720530,Simon Tamás,Simon Tamás Ferenc,1589
461099763986577,Szabó Szabolcs,Szabó Szabolcs,1577
444482408922844,"A Szabadság újság, a Munkáspárt politikai hetilapja",Magyar Munkáspárt,1577
407084009419897,Dr. Szakács László,MSZP,1577
113132560042939,Alakszai Zoltán,Alakszai Zoltán,1572
1313592688757601,Állítsuk meg Orbán Viktort,Attila Ferenc Beres,1571
205687226267102,igylakunk.hu,igylakunk.hu,1558
1880809845328535,Dobrev Klára,These ads ran without a disclaimer,1555
1980431225585027,Kertész Imre Intézet,Kertész Imre Intézet,1545
393851873962560,MVM Paksi Atomerőmű Zrt.,These ads ran without a disclaimer,1535
106607667417772,Borkai szégyent hozott Győrre,Szeretem Győrt,1523
506348326210466,Ungár Péter,Ungár Péter országgyűlési képviselő,1519
114855091858838,Rubicon Történelmi Magazin,Rubicon Történelmi Magazin,1492
206829842043,Rétvári Bence,Rétvári Bence,1490
806011439524661,Zágráb Nándor: „A pénz visszajár",Zágráb Nándor,1489
333055233822561,Protest,Protest,1484
164894550219087,Önkormányzati TV,Globomax Zrt.,1472
159889247536834,Hírstart,Central Médiacsoport Zrt.,1467
329107800543535,Sneider Tamás,These ads ran without a disclaimer,1463
105284251162448,Gyöngyösi Katalin SM,Gyöngyösi Katalin,1463
270741976461920,Farkas Éva Erzsébet,Andrási Lilla,1460
122074554119,EU Social,These ads ran without a disclaimer,1450
1615311422132275,TU Wien - Continuing Education Center,These ads ran without a disclaimer,1450
26897053321,Erepublik,These ads ran without a disclaimer,1450
296972420800411,Kendernay János,These ads ran without a disclaimer,1450
315901199096193,Hong Kong meets Central and Eastern Europe,These ads ran without a disclaimer,1450
1084749598210454,Dr. Szabó Tünde,These ads ran without a disclaimer,1439
171232376252609,Gyöngyös város,These ads ran without a disclaimer,1436
286146221590937,Direkt36,Direkt36,1417
1571788716417897,21. Század Kiadó,These ads ran without a disclaimer,1413
621579594641265,Gazdasági Versenyügyi Tanácsadó Iroda,These ads ran without a disclaimer,1411
101477871983637,Online Népszavazás,Második Reformkor Alapítvány,1400
116946551658689,ARC,ARC,1399
170834092937469,K-Monitor,K-Monitor,1383
730999340617214,Gábor Pintér,Dr. Pintér Gábor,1362
264210363649459,Élő Norbert,These ads ran without a disclaimer,1346
509418276084719,Dömötör Csaba,Dömötör Csaba,1336
108293517769700,COVID-sztorik,Covid sztorik egyesület,1309
287863594432,Comedy Central Magyarország,Comedy Central Magyarország,1301
478765915602068,kozossegi-media.com,Klausz Melinda,1298
108096777416791,EzaLényeg.hu - Nógrád,These ads ran without a disclaimer,1294
206829842043,Rétvári Bence,These ads ran without a disclaimer,1289
176019422765432,Lokody Levente,Jobbik Magyarországért Mozgalom,1280
153992771336740,Origo Sport,New Wave Media Group Kft.,1278
166359293376130,Hévíz Város Önkormányzata,Papp Gábor,1268
103157834391782,Ötletbox.hu,These ads ran without a disclaimer,1261
211089588986612,"Tóth Csaba, Zugló országgyűlési képviselője",MSZP Zugló,1240
308154079343580,Kovács Zoltán,These ads ran without a disclaimer,1235
1992543104404776,Momentum TizenX,Momentum Mozgalom,1234
125953004085398,Kemma.hu,Kemma.hu,1220
326632861287187,Gyuris Dávid,These ads ran without a disclaimer,1200
449230602294984,Ébredj,These ads ran without a disclaimer,1199
109205663794690,Bartal Tamás,These ads ran without a disclaimer,1197
1627127484170228,NHC24,These ads ran without a disclaimer,1191
110750610630940,Borbála Fábián SM,Borbála Fábián,1190
1584646591763647,Kanász-Nagy Máté,LMP - Lehet Más a Politika,1184
484800135343952,Szabad Egyetem,Humán Platform,1183
122412685829088,Katamama Giczy,Giczy István Gusztávné,1179
708867965960124,Kupcsok Péter,Kupcsok Péter,1171
200602616651296,Nézőpont,Nézőpont,1167
228731803847927,Semjén Zsolt,These ads ran without a disclaimer,1167
191599888071730,Járóka Lívia,Járóka Lívia,1149
312320365965121,Szolnoki Többség,Györfi Mihály,1146
1693538404064465,Magyar Hang - A Túlélő Magazin,Magyar Hang - A Túlélő Magazin,1131
107453054183218,Berki Sándor,Berki Sándor,1124
417627492035896,Azelemzőszemével,Kovács János,1123
164978027477602,József Felföldi,These ads ran without a disclaimer,1118
76748198685,Budapest Pride,Budapest Pride,1108
431683343535899,Coop Üzletlánc,These ads ran without a disclaimer,1099
268042136672212,Századvég,These ads ran without a disclaimer,1096
107640677464144,Bedő Kata,Kata Bedő,1096
103306314387366,1 Magyarország Kezdeményezés,These ads ran without a disclaimer,1093
306318386058001,Dr. Molnár Csaba,These ads ran without a disclaimer,1089
178362315106,European Parliament,These ads ran without a disclaimer,1088
160736040640294,Szallas.hu,These ads ran without a disclaimer,1088
545872002109034,Matkovich Ilona,Matkovich Ilona Zsuzsanna,1083
505454183141061,Barcza Attila,Barcza Attila,1069
607398386415342,Nemesi Pál,Nemesi Pál,1068
622846234588910,Humor Magazin,EzaLényeg.hu,1052
345210062775489,Hív a klíma,Àrgyellán-Marton Edina,1049
1377431695828132,Nagy István,These ads ran without a disclaimer,1045
102581967957130,Pávkovics Gábor,Pávkovics Gábor,1038
669089356470657,Magyarság Háza,These ads ran without a disclaimer,1032
753579735044221,Fazekas László - polgármester,These ads ran without a disclaimer,1030
2024678420884437,Varga Judit,These ads ran without a disclaimer,1029
1468002833412477,A Polgári Mulató,Szamosi Tímea,1027
238433509570497,Hortobágyi Madárpark -Madárkórház Alapítvány,Hortobágyi Madárpark -Madárkórház Alapítvány,1026
126698209196903,Új Világ Néppárt,Új Világ Néppárt,1026
197415210278476,Hit Rádió,Hit Rádió - Budapest,1018
47198507012,LMP - Magyarország Zöld Pártja,These ads ran without a disclaimer,1017
1510195069274380,ÉFOÉSZ Központ,Nati Kovács,1005
246722998817639,Rónai Sándor,Demokratikus Koalíció,1004
190624800967882,NANE Egyesület,NANE Egyesület,981
283886802081389,Vicc Magazin,EzaLényeg.hu,974
112407120345686,Farkas Örs,These ads ran without a disclaimer,974
103743893052995,Radnóti Ákos,Radnóti Àkos Zoltán,972
2401182856761664,Horváth Ákos,These ads ran without a disclaimer,968
1193221524129987,Businessflow,Varga István,965
100808557949454,Mucsi Tamás,Mucsi Tamás,958
139374720297124,Radócz Zoltán,Györfi Mihály,957
1787315024615211,Czerván György,Czerván György,954
124400475625760,Horváth Bertold független polgármesterjelölt,Horváth Bertold József,950
428382307200042,Budapesti Kereskedelmi és Iparkamara (BKIK),Budapesti Kereskedelmi és Ipari Kamara,946
114898003640430,Telex.hu,These ads ran without a disclaimer,940
2142397159147844,ZÖLD Csillag,These ads ran without a disclaimer,936
1637701613185719,Dr. Gyüre Csaba,Országgyűlés Hivatala Jobbik Frakció,933
2552532618151148,Újpesti Hírek,Újpesti Hírek,933
718311241527566,Kassai Dániel,Kassai Dániel,932
250164401854192,Green Plus Fuel,These ads ran without a disclaimer,928
1583310271891744,Horváth Jácint,Horváth Jácint,927
1411080585789966,Arató Gergely,Arató Gergely László,920
365977046868250,Nemzeti Agrárgazdasági Kamara - NAK,These ads ran without a disclaimer,911
1899450120181142,"Belényi Bea Fitness- és személyi edző, terhestorna specialista",These ads ran without a disclaimer,911
245643919595257,Nemzeti ünnepek és emléknapok,Hungarofest Nonprofit Kft.,908
434406864007230,Geofy,Szabó Kevin,905
230385242742,KDNP és Frakciója,These ads ran without a disclaimer,905
296310837699,vaol.hu,vaol.hu,902
221292842061953,Love my country,These ads ran without a disclaimer,900
106971900737894,The United Arab Emirates Nation Brand,These ads ran without a disclaimer,900
665449490552067,Jonatan Maciel,These ads ran without a disclaimer,900
109358713967587,barbar_rmz,These ads ran without a disclaimer,900
112214777204963,Tóth Ádám,Igen Szolidaritás,899
1406386486355924,Partizán,These ads ran without a disclaimer,898
103658244532403,Gyurcsány-mentes ellenzék,elemi,897
205025536183141,Vác Online,Vác Online,896
124442815810276,Modern Férfipolitikáért Mozgalom,Szujó Flórián Zoltán,884
909857259153313,Dr. Steinmetz Ádám,Országgyűlés Hivatala Jobbik Frakció,883
160599763996285,e.on,These ads ran without a disclaimer,881
421262681731198,Vasarnap.hu,These ads ran without a disclaimer,876
109503892404998,Világgazdaság,These ads ran without a disclaimer,876
105285364895890,Gyere és Szavazz,Dormán László,872
2117836285212322,Csizmadia Ervin hivatalos,Méltányosság Politikaelemző Központ,871
292798231078042,Magyarok az Igazságért - MI,Bálint József,870
717467028347977,Németh Árpád,Németh Árpád,861
208854949186732,Tesco Magyarország,Tesco Magyarország,860
360876591136521,Dr. Czeglédy Csaba,These ads ran without a disclaimer,858
104794381455125,Tisztítsuk meg az országot a Vízüggyel,Önkormányzat- és Intézményellátó Kft.,856
865616570315360,"Kulcsrakész napos üzlet, Mihály SMteam",Mihály Attila,853
1854419647965460,"Abortusz, életvédelem, krízis elhárítás- Adj Életet a gyermekednek",These ads ran without a disclaimer,844
1374776342769227,Zepter Hungary,Zepter Hungary,844
402923506486113,Boldog István,Fidesz,842
227133307383315,Zsidó.com,These ads ran without a disclaimer,842
619576301517730,Szőnyeg Diszkont-www.szonyegkatalogus.hu,These ads ran without a disclaimer,837
19549406249,Tata Consultancy Services,These ads ran without a disclaimer,836
160359728190575,Popon Csaba,These ads ran without a disclaimer,825
1493262907621206,Százezren a korrekt adózásért,These ads ran without a disclaimer,820
1386827764871321,Harangozó Tamás,Dr. Harangozó Tamás Attila,816
1231023876934965,Vác Civitas Szimfonikus Zenekar,These ads ran without a disclaimer,812
112277097197124,Demokratikus Lendület,Demokratikus Koalíció,811
321422908590395,Mindenki Magyarországa Mozgalom,Mindenki Magyarországa Mozgalom,811
599385656745723,Simon Róbert Balázs,Kisalföld Marketing Kft.,805
423592235077127,Vonják meg a határon túliak szavazati jogát,Nem a határon túliakra,804
531710223553857,OrientPress Hírügynökség / Rádió Orient,OrientPress Hírügynökség Kft.,795
743706018973439,I bike Budapest,Magyar Kerékpárosklub,789
235680650112967,Garantiqa Hitelgarancia Zrt.,Garantiqa Hitelgarancia Zrt.,783
471093016323310,Kovács Ferenc,Dr. Kovács Ferenc,783
116095073104676,"Együtt a jövőnkért, együtt Árokszállásért",These ads ran without a disclaimer,780
457286378403981,Határtalanul a Magyar Fiatalokért,Bagi Barna,779
831904296829738,Bánné dr. Gál Boglárka,These ads ran without a disclaimer,775
554058754619723,IKEA,These ads ran without a disclaimer,775
748348838626461,888.hu,These ads ran without a disclaimer,772
108618363944668,Ellenzéki összefogást 2022-ben,Ellenzéki összefogást,770
183174515027839,Szilágyi György,Jobbik Magyarországért Mozgalom,769
734724533343964,Kádár Gábor,Párbeszéd Magyarországért,763
1869511526651884,Dr. Zsigmond Barna Pál,Dr. Zsigmond Barna Pál,758
1503172079904340,Bíró Dávid,These ads ran without a disclaimer,754
1094845533905589,Sára Botond,Sára Botond,753
1193902320622038,Dr. Bajkai István,These ads ran without a disclaimer,751
193640214178356,Gyopáros Alpár,Gyopáros Alpár,743
488140827963432,Hadházy Ákos,Dr. Hadházy Ákos Ányos,742
132593883577930,Dr. Keresztes László Lóránt,LMP - Magyarország Zöld Pártja,742
109217671008015,A kopasz oszt,Filep Dávid,740
226915470802350,Mi Hazánk Mozgalom - Budapest,Mi Hazánk Budapest,739
1493684304044582,Prémium Koreai Ginseng,Rónai Balázs,734
329107800543535,Sneider Tamás,Sneider Tamás,733
1094845533905589,Sára Botond,These ads ran without a disclaimer,732
101083895050385,Sign It Europe,These ads ran without a disclaimer,729
728260423984010,Böröcz László,These ads ran without a disclaimer,727
743706018973439,I bike Budapest,These ads ran without a disclaimer,726
144709575593854,EESC - European Economic and Social Committee,EESC - European Economic and Social Committee,726
101034934599890,Szücsné Posztovics Ilona,Szücsné Posztovics Ilona,726
205547789523736,Dr. Nemény András,These ads ran without a disclaimer,725
992066384198880,Tóth Edina,These ads ran without a disclaimer,725
282077899700,Morvai Krisztina,These ads ran without a disclaimer,725
670269189782610,Fiatal Családosok Klubja,Fiatal Családosok Klubja,722
109924447013367,Héri Tamás,These ads ran without a disclaimer,720
605187403256375,Boldizsár Tamás,Boldizsár Tamás,711
428800467250448,Farkas Gergely,Országgyűlés Hivatala Jobbik Frakció,708
159358537423212,KAVOSZ - Széchenyi Kártya Program,These ads ran without a disclaimer,707
1061320300619347,SKF Iparáruház,These ads ran without a disclaimer,702
281527466391,Magyar Zoltán,Jobbik Magyarországért Mozgalom,700
102641477991941,bahir.hu - BAHÍR,Zöld Baranya Egyesület,694
926533784164579,Szemző Áron,Szemző Áron Gábor,690
346763472170939,Szupermenta,Szupermenta,687
318239484894380,érdioldal.hu,Összefogás Egyesület,680
457609140942597,Baptista Tevékeny Szeretet Misszió - BTESZ,These ads ran without a disclaimer,679
106092837444774,MFB Invest Zrt.,Barta Ákos,673
256906124350468,SZOLIDARITÁS,SZOLIDARITÁS,670
109536080789218,Ifj. Kövics Tamás,Kövics Tamás,670
490006464353222,Dr. Lukács László György,DR Lukács László György,668
108346693873484,Győrffy Balázs,These ads ran without a disclaimer,666
780542761958375,Promotions.hu,Promotions.hu,663
358867199892,"Farkas Sándor miniszterhelyettes, országgyűlési képviselő hivatalos oldala",Farkas Sándor,660
202099276507678,24.hu,These ads ran without a disclaimer,658
411784602242320,Roma Tagozat Civil Szervezet,Balogh Artúr,653
158693564916446,Zero Hero,Zero Hero,651
294375007654607,Idéző,EzaLényeg.hu,645
114318710416515,Szili-Kottler Borbála SM,These ads ran without a disclaimer,643
1429561130519162,Renge Zsolt,Renge Zsolt,643
306577192739020,4liberty.eu,These ads ran without a disclaimer,641
249892291785073,Huawei Mobile,These ads ran without a disclaimer,641
611728525606243,CIB Bank,CIB Bank - Valódi lehetőségek,640
1750929718458765,Antall József Tudásközpont - Győr,Antall József Tudásközpont,640
1439238726174511,Chelemen Paula's Arts,Chelemen Paula,635
169599166463839,Demokratikus Koalíció,These ads ran without a disclaimer,633
286863662259963,Falkó Bútor Hatvan,These ads ran without a disclaimer,629
190170414332957,Erste Bank Hungary,These ads ran without a disclaimer,623
1370610756389472,Tőzsdeikereskedés.hu,These ads ran without a disclaimer,620
248172631940,Mandiner,Mandiner,620
225329302131,Afrikáért Alapítvány / Foundation for Africa / Fondation pour l'Afrique,Afrikáért Alapítvány / Foundation for Africa / Fondation pour l'Afrique,616
108442367290274,Farkas Krisztina,Jobbik Magyarországért Mozgalom,612
344620036280436,Külföldi meló,Papp Dorina,609
560525343980775,Index.hu,Index.hu,603
631432023978139,Dobos Zoltán,Dobos Zoltán Viktor,602
335839580440114,Ask Europe,These ads ran without a disclaimer,600
100510058595472,Kelloros,These ads ran without a disclaimer,600
337139906920844,Ring Tunes,These ads ran without a disclaimer,600
1842135662740532,Galvão,These ads ran without a disclaimer,600
360424321432255,Doha Debates,These ads ran without a disclaimer,600
85568463466,Mérce,These ads ran without a disclaimer,600
778538352344518,Hollik István,These ads ran without a disclaimer,600
920144848132054,Pequenokami,These ads ran without a disclaimer,600
248172631940,Mandiner,These ads ran without a disclaimer,598
1461534750733248,Schmuck Erzsébet,Doszpoly Botond László,596
138504576256036,Republic Group,Republic Group,594
286146221590937,Direkt36,These ads ran without a disclaimer,593
324771568775,Varga Mihály,Varga Mihály,591
1012077829180385,Vera Betterware-Dolgozz velem otthonról,These ads ran without a disclaimer,587
258895910953478,Ács Rezső,These ads ran without a disclaimer,584
108039120893084,Brenner Dominik,Brenner Dominik Ferenc,581
105126554672276,Demokratikus Szocializmust,Zoltan Molnar,579
410576012474337,Erzsébetvárosi Fidesz,Fidesz Erzsébetvárosi Szervezete,577
108248022589754,Bosch Magyarország,Bosch Magyarország,575
432303270141214,Roma Sajtóközpont - Roma Press Center,These ads ran without a disclaimer,574
113008435383675,Dj Dominique + Fergeteg Party,These ads ran without a disclaimer,573
106053540773813,nagy_istvan_miniszter,These ads ran without a disclaimer,572
104352557905499,Innovatív Kutatás-fejlesztés az Egészségügyért Alapítvány,Carbon Web Kft.,569
146541162119838,iSzolnok,Alföldhír Kft.,568
267507320035663,Land Rover Magyarország,Land Rover Magyarország,566
134984140045777,Stummer János,Jobbik Magyarországért Mozgalom,562
1798630263746693,Witzmann Mihály,Witzmann Mihály,561
172924162721825,A kiló nem százat jelent.,Antlfinger Edvárd,558
162344823835042,atlatszo.hu,These ads ran without a disclaimer,556
130978790286926,Rákóczi Szövetség,These ads ran without a disclaimer,552
126893087354793,Európai Parlament,These ads ran without a disclaimer,550
102972084951072,reBird,These ads ran without a disclaimer,546
125046961492404,Dr. Nagy Sándor,These ads ran without a disclaimer,545
1436141973194859,Jezsuita Menekültszolgálat - JMSz,These ads ran without a disclaimer,545
114798689890181,Momentum Pest megye,Momentum Mozgalom,544
139374720297124,Radócz Zoltán,These ads ran without a disclaimer,538
431355800543815,Néző-Pont,These ads ran without a disclaimer,537
104917560993342,Szebeni Dávid,Szebeni Dávid,534
243470906428319,Juhász Hajnalka,These ads ran without a disclaimer,533
102972084951072,reBird,Sarnyai-Tóth Dániel,531
106092837444774,MFB Invest Zrt.,MFB Invest Zrt.,530
1381558792064873,Niedermüller Péter,Niedermüller Péter,530
100688334643220,Tonzor Péter,Péter Tonzor,527
571233709600867,MKKSZ,Szokolai Róbert,526
161957537171267,Schmidt Mária,These ads ran without a disclaimer,525
1739434696116976,Csonki Dávid - Aktivista,Csonki Dávid,522
224883224316175,NyugdíjGuru,These ads ran without a disclaimer,521
333682340095114,Hende Csaba,Hende Csaba,520
110013903707090,Steiner Attila,Attila Steiner,519
475728132612518,Székely Nemzeti Tanács,These ads ran without a disclaimer,519
105703610898824,budapestluxuryfur,These ads ran without a disclaimer,519
121220178460453,SoulCase Studio,These ads ran without a disclaimer,515
1263261490396127,Györgyey János,Györgyey János,515
610740558997110,Balczó Zoltán,Balczó Zoltán,514
106260217390851,Második Reformkor,Második Reformkor Alapítvány,513
111858283936607,Igaz Hang,These ads ran without a disclaimer,508
100112615054403,Zyxera Group Kft,Vida Izsák,505
100841853324112,Képmás magazin,Képmás magazin,501
1867333200197695,Messer Hungarogáz,Messer Hungarogáz,500
417627492035896,Azelemzőszemével,These ads ran without a disclaimer,499
274517589233170,Travelo,Travelo,498
127355373967413,Pécsi STOP.hu,Pécsi STOP.hu,497
252455455121568,Ellenforradalom 1956,These ads ran without a disclaimer,494
92932085233,TASZ,These ads ran without a disclaimer,489
106262617624877,WATCH GAMES. SEE MORE.,These ads ran without a disclaimer,488
122148514472963,Botka László,Összefogás Szegedért Egyesület,487
103478164920832,Rubicon Intézet,Rubicon Intézet,487
101383114803675,Szabó Csaba,Szabó Csaba,480
567351656665253,Varga Zoltán DK,Varga Zoltán Imre,476
460056520825305,Európa Bútorház Eger,These ads ran without a disclaimer,469
105044008034829,BerzeWash Autókozmetika és antibakteriális fertőtlenítő,Berze Péter,468
101609991764767,Élhető Budapest,LMP - Magyarország Zöld Pártja,466
127380263964607,Lakatos Levente,Lakatos Levente,462
1439786569610603,Dr. Fekete Dávid,These ads ran without a disclaimer,462
721675401259234,Együtt Kiskunmajsáért Egyesület  EKE,Faludi Tamás,459
2074269302652716,Menczer Tamás,Kovács Endre,453
184922004946258,Horváth Csaba,Budapest Főváros XIV. Kerület Zugló Önkormányzata,453
260674831042768,Clarus Animus Alapítvány - Együtt a szcientológia ellen,Clarus Animus Alapítvány,453
721803117895154,Megújuló Magyarországért Alapítvány - Progressive Hungary Foundation,Megújuló Magyarországért Alapítvány,451
474816249249198,Viva Travel Utazási Központ,These ads ran without a disclaimer,448
994901094011388,Mindenki Pécsért Egyesület,These ads ran without a disclaimer,446
109944060357878,Szabó Zsolt Budakesziért,Szabó Zsolt,443
445027779038107,Magyar Clearharmony,These ads ran without a disclaimer,440
264517713636590,PestiSracok.hu,These ads ran without a disclaimer,440
387922955399300,BEKO Energo Kft.,These ads ran without a disclaimer,438
347819348687196,Budapest Water Summit 2019,These ads ran without a disclaimer,434
193338710873126,Horinka László,Wass Albert Művelődési Központ Sülysáp,431
101518538081762,KDNP Mezőhegyes,Popon Csaba,431
721976974593091,Solar Express KFT,These ads ran without a disclaimer,428
231331464229949,Esztergomi Fidelitas,Zoltán Krisztián Hégli,425
112862217205382,Golden Line Management,These ads ran without a disclaimer,424
477660449391058,FOXIA,Kiss Attila István,420
402923506486113,Boldog István,Boldog István - Fidesz,417
634884497031905,lehetmas_delbuda,Lengyel Domokos Bernát,416
815689588790301,Nemzeti Kibervédelmi Intézet,These ads ran without a disclaimer,413
224274995688487,A Riporter,These ads ran without a disclaimer,412
319848491555131,Dr. Varga-Damm Andrea,These ads ran without a disclaimer,410
485769208839200,Bojkott a VOLT ellen - nem pártrendezvényre vettünk jegyet,These ads ran without a disclaimer,405
1640736922828484,Sermer Ádám,Adam Sermer,405
101382944578702,Szilágyi László,László Szilágyi,404
165376414060884,Növekedés.hu,These ads ran without a disclaimer,404
1425221564382928,Varga László,Varga László,404
113684438795574,Párbeszéd Magyarországért,These ads ran without a disclaimer,403
408159852575984,Dr. Kepli Lajos,These ads ran without a disclaimer,402
113684438795574,Párbeszéd Magyarországért,Párbeszéd Magyarországért,400
2117549375025841,Jobbik Kálló,Jobbik Magyarországért Mozgalom,400
556950831461707,Jobbik Szurdokpüspöki,Jobbik Magyarországért Mozgalom,399
1450827251701548,Momentum az egészséges országért,Momentum az egészséges országért,398
176733079008201,Absolut,HUN - Absolut - Human Telex,392
506348326210466,Ungár Péter,These ads ran without a disclaimer,392
583920255620528,Segítség.ma,These ads ran without a disclaimer,391
1654680771424972,XX. Század Intézet,These ads ran without a disclaimer,390
184890488198962,Bana Tibor,Jobbik Magyarországért Mozgalom,389
331236537563634,Bagi Barna,Bagi Barna,388
108592723840175,Pogrányi Lovas Miklós,Lovas Miklós Oszkár,388
643628949083955,Valódi Egyenlőségért Civil Társaság,Szujó Flórián Zoltán,387
171724489900,DUE,Diák- és Ifjúsági Újságírók Országos Egyesülete,386
333055233822561,Protest,Longauer András,385
440386766094990,"Dr. Oláh Lajos, Terézváros és Erzsébetváros országgyűlési képviselője",Dr. Oláh Lajos,378
1097598910354552,Nyugdíj Másképpen,These ads ran without a disclaimer,375
751040955027528,Scitec FitnessPont PowerSport Győr,These ads ran without a disclaimer,375
112415896792311,Bognár László,Bognár László,374
100114721384920,Barkóczi Balázs,Barkóczi Balázs,373
103766531700861,Gyurcsik Ádám,Ádám Gyurcsik,371
1336736869713612,Korponyai Ernő,Korponyai Ernő,371
1438666816268560,Gödöllő hangja,These ads ran without a disclaimer,371
761281180570667,Szenes Andrea és IVÁN  hivatalos oldala,These ads ran without a disclaimer,370
171137123081881,Dr Konczer Erik,Dr. Konczer Erik Ferenc,369
1474476372770837,Tarjánért  - Szantner Gábor - polgármester jelölt,Szantner Gábor,368
378262582292757,Vécsey László,Vécsey László József,367
1654207974897411,Gazdasági Versenyhivatal,Gazdasági Versenyhivatal,367
119157979489102,Miskolc Militaria,Bakos Gábor,366
228900917932048,Natúr Bambusz,Natúr Bambusz,365
120255698056479,Nemzeti Hang,These ads ran without a disclaimer,365
260922190745812,Centre for Euro-Atlantic Integration and Democracy,Centre for Euro-Atlantic Integration and Democracy,364
260783067293307,"EU Internal Market, Industry, Entrepreneurship & SMEs",These ads ran without a disclaimer,363
28312410177,World Food Programme,These ads ran without a disclaimer,363
126060760828576,24Bottles,These ads ran without a disclaimer,363
252402818124894,Microsoft Magyarország,These ads ran without a disclaimer,363
183125116821,EURES,These ads ran without a disclaimer,363
623719727672871,Nestlé,These ads ran without a disclaimer,363
1424938757739868,Civil Liberties Union for Europe,These ads ran without a disclaimer,363
122147611840844,New York - Nagyvárosi séták,These ads ran without a disclaimer,363
527351247377965,European Committee of the Regions,European Committee of the Regions,363
225260807491081,Erdős Norbert,These ads ran without a disclaimer,363
1613320612064848,Dedoles.pl,These ads ran without a disclaimer,363
103118144427643,Big Rig Racing Game,These ads ran without a disclaimer,363
289633770813,UNICEF Magyarország,These ads ran without a disclaimer,363
487673021393107,Nespresso,These ads ran without a disclaimer,363
152942041423394,Budapesti Gazdasági Egyetem,These ads ran without a disclaimer,363
1687511738138543,Észszerűség Pártja,These ads ran without a disclaimer,363
131797633528377,Jávor Benedek,These ads ran without a disclaimer,363
129382163754757,Jobbik Ifjúsági Tagozat,Jobbik Ifjúsági Tagozat,359
1522376201425707,Ujvári Imre,Ujvári Imre,359
130601733645040,Ludovika Egyetemi Kiadó,These ads ran without a disclaimer,359
102969004387439,Anderné Röszler Erika,These ads ran without a disclaimer,359
195955060474946,Munkaügyi Fórum Kft.,These ads ran without a disclaimer,358
323625058197042,Tóth Áron,LMP - Lehet Más a Politika,357
897497500592621,Gyuricza László polgármester,Gyuricza László Róbert,352
103737597644277,Balogh Péter,Balogh Péter,351
605544809518513,Kiss Tibor,These ads ran without a disclaimer,349
371225050791,Transparency International Magyarország,These ads ran without a disclaimer,347
169401183091011,InStyle Magyarország,InStyle Magyarország,346
106403306085588,PP Konferencia,These ads ran without a disclaimer,342
293410494975,Republikon Intézet,Republikon Alapítvány,342
109082000585015,ABLAK A TETŐBE,These ads ran without a disclaimer,341
126136750786218,Szabó Zsolt,Párbeszéd Magyarországért,340
124579834369180,Rácz Gergő,These ads ran without a disclaimer,338
100145531349308,Kontrapro.hu,Finance Assistance Kft.,337
192335057448173,FoglaljOrvost.hu,These ads ran without a disclaimer,337
632422466774727,Magyar Testvériség,These ads ran without a disclaimer,337
306318386058001,Dr. Molnár Csaba,Dr. Molnár Csaba,335
560525343980775,Index.hu,These ads ran without a disclaimer,334
1626308364102896,Faragó Tamás,Faragó Tamás,332
1493725474070794,Atombiztos - Hárfás Zsolt blogja,These ads ran without a disclaimer,331
276108792451677,"Sződliget, ahol jó élni",These ads ran without a disclaimer,331
2571189962905250,Natural Whites,Natural Whites,329
380345582032261,sloggi,These ads ran without a disclaimer,329
311215062914930,Le az Adók 75%-ával Párt,LA75 Párt,328
105148087863941,Vaszkó Imre - Önkormányzati képviselő,Vaszkó Imre,326
344561942912968,Zöld Hazánk,Dr. Csereklye Erzsébet Krisztina,325
1713793492050749,Soproni Polgárok Közössége,Soproni Polgárok Közössége,325
371225050791,Transparency International Magyarország,Transparency International Magyarország,325
415816005900121,Másfél fok - éghajlatváltozás közérthetően,Vigh Péter Levente,325
368910719950610,Milliók Orbán Viktor és kormánya mellett,These ads ran without a disclaimer,324
947282605336603,Globomax Zrt.,These ads ran without a disclaimer,323
106972017385808,Pénz és fenntarthatóság,Image Kft.,322
152514928571019,IGOM,These ads ran without a disclaimer,322
113211046794496,Jámbor András,Jámbor András Imre,321
267168140529488,György László,These ads ran without a disclaimer,321
168868196656719,Lukoczki Károly,Lukoczki Károly,321
2233605356754529,Újvárosi Valóság,PestiSracok.hu,320
240225376133467,Ráczné Földi Judit,Ráczné Földi Judit,320
579008042178786,V. Németh Zsolt,Berke Attila,319
101342028142712,Horváth Bálint,Bálint Tamas Horváth,318
104985226206459,JOY Magazin - Magyarország,These ads ran without a disclaimer,317
193944440638410,Karácsony Gergely,Budapest Főváros Önkormányzata,314
2426357824103084,Kerpel-Fronius Gábor,Kerpel-Fronius Gábor,313
206160682739388,Harrach Péter,These ads ran without a disclaimer,313
101835924716869,Tuti Fürdőszobai Kiegészítők,These ads ran without a disclaimer,311
1265353903615539,Oeconomus,Sebestyén Géza,310
260927000625137,VARJU László Újpest-Angyalföld,These ads ran without a disclaimer,309
132593883577930,Dr. Keresztes László Lóránt,These ads ran without a disclaimer,309
539482986085066,Mach Péter,Mach Péter,307
916536061799484,Ovádi Péter,Ovádi Péter,305
408159852575984,Dr. Kepli Lajos,Országgyűlés Hivatala Jobbik Frakció,303
112064378854586,Terror Háza Múzeum / House of Terror Museum,These ads ran without a disclaimer,302
502628213159290,"Menő Manó Gyerekdivat Jászberény - Mayoral,Ido dodipetto",These ads ran without a disclaimer,300
1635736753328236,Fortrade Online Trading,These ads ran without a disclaimer,300
102389457864860,Treehuggers Bracelets,These ads ran without a disclaimer,300
181924628560212,SumOfUs,These ads ran without a disclaimer,300
516658892133415,Heroic - Magic Duel,These ads ran without a disclaimer,300
1363680237011254,Project Ascension,These ads ran without a disclaimer,300
1798882800328461,CGTNEurope,These ads ran without a disclaimer,300
101172255193117,FirstShop,These ads ran without a disclaimer,300
100527596655703,Universal Music Hungary,These ads ran without a disclaimer,300
480305829018059,Badland Brawl,These ads ran without a disclaimer,300
1085119841501452,Global Manufacturing & Industrialisation Summit,These ads ran without a disclaimer,300
993210754063852,JP Comunicação,These ads ran without a disclaimer,300
102793754448601,Itauan Lopes Filmes,These ads ran without a disclaimer,300
411450196264363,Titan Power+,These ads ran without a disclaimer,300
676692975786082,Fun Games For Free,These ads ran without a disclaimer,300
297587791134060,Francesco Cipriani,These ads ran without a disclaimer,300
338109312883186,China Xinhua News,These ads ran without a disclaimer,300
2244729778904153,Vigilant Info,These ads ran without a disclaimer,300
122159141138679,Magyar Helsinki Bizottság / Hungarian Helsinki Committee,These ads ran without a disclaimer,300
243686272917389,Remix News & Views,These ads ran without a disclaimer,300
105493364718577,Binary Credit,These ads ran without a disclaimer,300
1878930082423413,Xhaztartas.hu,These ads ran without a disclaimer,300
113582603887601,Happily,These ads ran without a disclaimer,298
2376623529248269,Bognár Róbert,Bognár Róbert János,298
1003546769762122,NOIZZ.hu,These ads ran without a disclaimer,298
851846805007563,"Solar Építő - Napelemes Rendszerek és Naperőművek Tervezése, Kivitelezése",These ads ran without a disclaimer,296
2146682968962892,Bereczki Dávid - Momentum,Bereczki Dávid,294
181832771852509,BMI Villas Magyarország,These ads ran without a disclaimer,291
103539398309132,Exclusive Change Eger,These ads ran without a disclaimer,286
428800467250448,Farkas Gergely,Farkas Gergely,285
1405665623004645,"Földi László, országgyűlési képviselő","Földi László, országgyűlési képviselő",285
217241372460868,Biovil,These ads ran without a disclaimer,283
375322246241286,Orosz Anna,Orosz Anna - Momentum,282
117611893483967,Polgári Válasz,Bencsik János,281
938633106186612,Hegyesi Beáta,Beáta Hegyesi,279
407977179271063,Jobbik Nyíregyháza,Jobbik Nyíregyháza,278
545872002109034,Matkovich Ilona,These ads ran without a disclaimer,278
1584646591763647,Kanász-Nagy Máté,Kanász-Nagy Máté_LMP,278
1136857563156682,Nincs másik bolygó,These ads ran without a disclaimer,278
100441588416688,1920 - Az új Közép-Európa,Olala Pictures,278
520397491481657,klimatipp.hu,These ads ran without a disclaimer,277
230888016937806,Magyar kézilabda-válogatott,These ads ran without a disclaimer,276
114946806813599,Inkorrekt,Kállai Zsolt,275
263804273703897,Nébih - Nemzeti Élelmiszerlánc-biztonsági Hivatal,Nemzeti Élelmiszerlánc-biztonsági Hivatal,274
117961442942614,Álljunk ki Borkai Zsolt mellett,These ads ran without a disclaimer,273
341292696291575,Molnár Tamás 4. választókörzet Székesfehérvár,These ads ran without a disclaimer,273
451844608304228,Metropol,Metropol,272
2276489332471935,Molnár István,These ads ran without a disclaimer,271
119405895873,Huawei,These ads ran without a disclaimer,271
591393431252637,Üveges Gábor,Üveges Gábor,271
106294184226989,Pulai András,Publicus Intézet,270
105608007500921,Somodi Sándor EGER Város 1 sz. Polgármester jelöltje,Somodi Sándor,270
311215062914930,Le az Adók 75%-ával Párt,These ads ran without a disclaimer,269
136090846478173,"Nemzeti Értékelvű Párt , NÉP mozgalom",Lévai György,268
103737597644277,Balogh Péter,These ads ran without a disclaimer,268
1585110701539015,Bács István,Dr. Bács István,266
187768107932121,Diákhitel,These ads ran without a disclaimer,266
115741211770944,HVG Könyvek,These ads ran without a disclaimer,266
224512987600273,Optimum Solar,These ads ran without a disclaimer,265
101054535175,Bookline webáruház,These ads ran without a disclaimer,263
115699636463965,Képes Richárd,Képes Richárd,262
742507825861911,Opten Informatikai Kft.,These ads ran without a disclaimer,262
14792493292,Magyar Kétfarkú Kutya Párt,These ads ran without a disclaimer,261
104224244529604,Greendex.hu,These ads ran without a disclaimer,260
114666649300,Múlt-kor történelmi magazin,These ads ran without a disclaimer,260
1583310271891744,Horváth Jácint,These ads ran without a disclaimer,258
1595121247382392,DK Nyíregyháza,Demokratikus Koalíció Sz-Sz-B Megye 1-2.,258
215551471947529,Sajómente,These ads ran without a disclaimer,258
1058589704245284,Ökotech-Home,These ads ran without a disclaimer,254
109149543799938,Union Top Kft.,Endrödi Gábor,254
1552071454883938,Fülöp Eper Flóra,Fülöp Flóra,253
543788999005363,ORIGO,These ads ran without a disclaimer,253
1584895061819905,Crystal Nails 16. Kerület,Crystal Nails 16. Kerület,253
599485673455396,Magyar Éremkibocsátó Kft.,These ads ran without a disclaimer,252
2011534875740838,Bódi Attila író,Bódi Attila Zoltán,252
111778236971511,Origo Gazdaság,These ads ran without a disclaimer,251
101162688261173,Zsuzsi Beleznay,Jobbik Magyarországért Mozgalom,251
224766154724519,Ultimátum Állatvédelmi Alapítvány,Ultimátum Állatvédelmi Alapítvány,247
370898776273461,KETEG Keresztény Társadalmi Elvek a Gazdaságban,These ads ran without a disclaimer,246
762305787130420,Józsefvárosi Fidesz,Józsefvárosi Fidesz,245
114359369932448,Napelem2,These ads ran without a disclaimer,245
628985330885516,Cute&Cool Webáruház,These ads ran without a disclaimer,244
678478962202003,A Kedvenc Kereskedésem,These ads ran without a disclaimer,244
240992133142811,Áldozó Tamás,Dr. Áldozó Tamás Róbert,243
269445193079351,Verzio International Human Rights Documentary Film Festival,These ads ran without a disclaimer,243
109588354078981,Dr. Szili Katalin,Határtalanul Program,242
778767662307958,Sok Sok Bútor,Simon István,242
786371168057077,Müller Péter Sziámi AndFriends zenekar,These ads ran without a disclaimer,242
301554643905790,Dr. Várnagy Emese politikusi oldala,These ads ran without a disclaimer,241
122702771108697,Magyar Hírlap,These ads ran without a disclaimer,241
176047332431602,LifeTiLt Blog,These ads ran without a disclaimer,240
523859118084074,Agrovirtus,These ads ran without a disclaimer,240
556292841070129,Alapblog,These ads ran without a disclaimer,240
512174108882025,Tát Margit,Tát Margit,238
301295993869613,Kiszelné Mohos Katalin polgármester,Kiszelné Mohos Katalin,236
109675234029462,Buzinkay György,György Buzinkay,235
108451703856510,Szabó Bence - Momentum,Szabó Bence,235
103578107694011,HPO Hungary Kft,Christophe Jacquemoire,234
311627806634,Dr. Hoffmann Tamás,These ads ran without a disclaimer,233
364516780648357,Szolnoki Gábor polgármester,Szolnoki Gábor Károly,233
2248403471946683,LIKUD Magyarország Egyesület,Tett és Védelem Alapítvány,232
704631519609996,Hegedűs Barbara,Hegedűs Barbara Szilvia,231
118657215352253,Dr. László Imre,Demokratikus Koalíció,230
136873753073862,Nőkért Egyesület,Antoni Rita Judit,230
1901042403557346,Tejpatika,André Gergely,229
101372731788722,Korrektúra,Horinka László,227
628784737147887,Xkobagodollo,Kovács Barnabás,227
163316173773843,Modell és Valóság,Antall József Emlékbizottság és Baráti Társaság,226
828768830644788,Benke Richárd,Jobbik Magyarországért Mozgalom,226
118778813367256,Kecskeméti Attila,These ads ran without a disclaimer,225
344902188590,Joint Venture Szövetség,These ads ran without a disclaimer,225
960279327322663,Apák az Igazságért Közhasznú Egyesület,These ads ran without a disclaimer,225
520804294719829,Trippon Norbert,Dr. Trippon Norbert,225
453854174720243,Sebián-Petrovszki László,Sebián-Petrovszki László,225
159049234243,HuMuSz,HuMuSz,224
308388529535968,Wingless Style,Sipos Balázs,224
100679695190418,Varga Zsuzsanna,Zsuzsanna Varga,223
1786744044970442,AmeriCamp Hungary,These ads ran without a disclaimer,223
107123677458699,Külpologika,Tamás Novák,222
270300439972751,SZEMlélek,SZEMlélek,222
192335057448173,FoglaljOrvost.hu,FoglaljOrvost.hu,222
282587142315,Kovács Péter,Kovács Péter,222
165223806850145,KütyüBazár.hu,These ads ran without a disclaimer,220
1408906262689093,Nyitrai Zsolt,These ads ran without a disclaimer,219
321422908590395,Mindenki Magyarországa Mozgalom,These ads ran without a disclaimer,216
161361167407820,Tuzson Bence,These ads ran without a disclaimer,215
238950903321072,Szentesi Srácok,Nagygyörgy Zsolt István,214
646000235816695,Jankó István,These ads ran without a disclaimer,213
446594008811991,Válasz Független Civilek,Juhász László,211
106318400828826,NAK TechLab,These ads ran without a disclaimer,209
185204104848748,Belizonia Ajándék Webáruház - Monor,These ads ran without a disclaimer,208
1444684639147833,RevitalMed,These ads ran without a disclaimer,208
1716522825088709,Qubit,These ads ran without a disclaimer,207
2222631421118039,Oxy Crystal kulacs,These ads ran without a disclaimer,207
342091599274517,ADOM Diákmozgalom,These ads ran without a disclaimer,207
111386073579868,Közösen egymásért,These ads ran without a disclaimer,206
103477967666702,ZöldLiget Közösség,These ads ran without a disclaimer,206
120983897942122,Dr. Apáti István,Mi Hazánk Mozgalom,205
1461534750733248,Schmuck Erzsébet,ZÖLD BARANYA KFT.,204
1468002833412477,A Polgári Mulató,These ads ran without a disclaimer,204
202727753244884,"Dr. Szoboszlay György Csaba, közszereplő, LMP",Szoboszlay György Csaba,203
1399557536962906,Patrióták,These ads ran without a disclaimer,202
2092570681059566,Végh László,Végh László,202
108114730891382,Víghné Cserpes Melinda SM,Víghné Cserpes Melinda Margit,202
198183477294561,Juhász Béla Róbert,Juhász Béla Róbert,202
103919160956026,Juhász László önkormányzati képviselő,These ads ran without a disclaimer,201
104380347964278,Zöldike,Friedrich Barnabás,201
102294021725227,Soltész Miklós,Soltész Miklós,201
476911843132851,Hunyadi1456,These ads ran without a disclaimer,199
292787761246129,Herczeg Tamás,Nagy Sándor,199
102030048165019,Bozóky Máté,Máté Bozóky,197
1690416611287093,Garami Artúr oldala,Artúr Garami,194
282546789244791,Törökbálint Holnap,These ads ran without a disclaimer,194
301801523529756,Hiesz György,Hiesz György,192
101354021532630,4 fal között,Sarnyai Gábor,192
1355376564631610,Fóliamentes,These ads ran without a disclaimer,192
1267903443381921,Pentz Thomas - Momentum,Pentz Thomas Michael,192
2262084177168926,Borsos Róbert,These ads ran without a disclaimer,191
109588354078981,Dr. Szili Katalin,Fekete Zsuzsanna,190
2263559070578382,Get Up and Goals Hungary,Afrikáért Alapítvány / Foundation for Africa / Fondation pour l'Afrique,189
105727997470954,Takács Péter,These ads ran without a disclaimer,189
1423033134587393,Szabó Zsolt,Szabó Zsolt,188
537817739693723,Brain Bar,These ads ran without a disclaimer,188
912312902298827,Rózsapark Team,Szebeni Márton,187
111008906900472,Dr. Szendrődi Csaba,Dr. Szendrődi Csaba,186
108845904224746,SM Janzsó M Katalin,Janzsóné Molnár Katalin,185
649794555229677,HUXIT Mozgalom,These ads ran without a disclaimer,185
375513385878797,BIANICON,These ads ran without a disclaimer,185
104479854657283,Jobbra.hu,Jobbra.hu,184
354714318010652,Pogácsás Tibor,Pogácsás Tibor János,184
165213694156213,Nyomtassteis Debrecen,Aniko Smid,184
686127208125964,Gokart Hotel Kecskemét,These ads ran without a disclaimer,183
1668621270116868,Magyar Zene Háza,These ads ran without a disclaimer,182
302022250004500,Rönky Balázs - Galgahévíz község önkormányzatának képviselőjelöltje,These ads ran without a disclaimer,182
108805473831547,Bera Péter Hivatalos Oldala,Bera Péter,182
1261801510582349,I Heart My Baby Kids,These ads ran without a disclaimer,182
362497337118115,Bankmonitor,These ads ran without a disclaimer,179
100221074822970,Csizmadia Péter,Dr. Csizmadia Péter,179
733923476636885,Szatmáry Kristóf,Kristóf Szatmáry,179
718197398317300,Bajusz Gábor,Bajusz Gábor,179
109023280756491,Írdalá.hu,These ads ran without a disclaimer,178
108990690467709,"Csermák Szilvia - önkormányzati képviselő, Makó",Kiss Ádám,178
103919160956026,Juhász László önkormányzati képviselő,Juhász László,177
101866761388852,Szalay Kornél Géza,These ads ran without a disclaimer,176
2023933511155406,Krisztián.,These ads ran without a disclaimer,176
268180793963724,Petrás Lilla #énírtam,Sokolowskiné Petrás Lilla Noémi,176
301295993869613,Kiszelné Mohos Katalin polgármester,These ads ran without a disclaimer,176
111039823743786,Kun Zsolt Gábor Papi,Kun Zsolt Gábor,176
158766150851872,Magyar Nemzeti Cirkusz,These ads ran without a disclaimer,175
360876591136521,Dr. Czeglédy Csaba,Dr. Czeglédy Csaba,174
1792920094355738,Simon Miklós országgyűlési képviselő,Dr. Simon Miklós,173
345406462731106,Polkorrekt,These ads ran without a disclaimer,173
101853671433139,Szilágyi Tamás,Tamás Szilágyi,173
778688192256718,André Goodfriend legyen Magyarország miniszterelnöke,These ads ran without a disclaimer,170
1523342367974597,Molnár László,Dr. Molnár László József,168
194652797324756,Bere Károly,These ads ran without a disclaimer,168
102624794431665,Legárd Krisztián önkormányzati képviselő,Legárd Krisztián,167
178758885478593,Wagner Solar Hungária Kft.,These ads ran without a disclaimer,167
191461774219575,hirado.hu,These ads ran without a disclaimer,166
287646336931,Mfor.hu,Mfor.hu,166
103239714407730,Karácsony Ádám,Karácsony János Ádám,166
125133247513194,Hetek,These ads ran without a disclaimer,166
109287707239415,Judit Lőcsei,These ads ran without a disclaimer,166
388835024829422,Új Kezdet,These ads ran without a disclaimer,165
1495062327433191,Sunhak Peace Prize,These ads ran without a disclaimer,165
1970231326387451,Varga Péter,These ads ran without a disclaimer,164
1926735160968885,Válasz Online,These ads ran without a disclaimer,164
861245927252072,Rácz Zoltán,Rácz Zoltán,164
101619497961728,EasyBusiness by EY,These ads ran without a disclaimer,163
156772118149982,SzabolcsRito,Ritó Szabolcs,161
727549737336330,Fidesz Nagykáta,These ads ran without a disclaimer,161
241470473410766,Ökopolitika,Karátson Gábor Kör,160
168737999982045,Visegrad Insight,These ads ran without a disclaimer,160
297694457107800,Disszidens,Horváth Martin,160
104545358167364,VC Network,These ads ran without a disclaimer,160
660102340689086,Szabó Sándor,Szabó S.,159
551672728204311,Bányai Gábor országgyűlési képviselő,Fidesz Bács-Kiskun 5vk,158
246722998817639,Rónai Sándor,These ads ran without a disclaimer,158
160102384102712,Szél Bernadett,These ads ran without a disclaimer,157
305781789811083,Los Polos,These ads ran without a disclaimer,157
176927302917289,László Norbert,These ads ran without a disclaimer,157
406520730132071,Berniczei-Roykó Ádám,These ads ran without a disclaimer,156
1777694495793740,Allasajanlat,These ads ran without a disclaimer,156
154685134568504,Agroinform.hu,These ads ran without a disclaimer,156
1377199592525302,Medián,These ads ran without a disclaimer,154
280994725443752,Szücs Balázs,Szücs Balázs,153
198824986797777,Béres Egészségklub,These ads ran without a disclaimer,153
407084009419897,Dr. Szakács László,These ads ran without a disclaimer,152
103117894492294,Fajszi Paprika Manufaktúra,These ads ran without a disclaimer,151
205573360076298,Mihályi Attila szerint a honvédelem,Mihályi Attila,151
112169303465086,Prana Drops Kristálykulacsok,These ads ran without a disclaimer,151
2285577641510146,Geocycle,These ads ran without a disclaimer,150
488140827963432,Hadházy Ákos,Hadházy Ákos,150
168899176939404,Ungarn Heute,These ads ran without a disclaimer,150
642481619156452,Magyar Fálun Dáfá Egyesület,These ads ran without a disclaimer,150
377747808977344,Salgótarjáni Baloldal,MSZP,149
100905288315705,Jelen hetilap,These ads ran without a disclaimer,149
152408681635243,Hírklikk.hu,These ads ran without a disclaimer,≤100
104122658422154,Well Media HU,These ads ran without a disclaimer,≤100
154818398393069,Magyar Szakszervezeti Szövetség,These ads ran without a disclaimer,≤100
107707250756965,Артур Латыпов,These ads ran without a disclaimer,≤100
150322194563,PASA Primates: Pan African Sanctuary Alliance,PASA (Pan African Sanctuary Alliance),≤100
106316601117313,Az igazság az egészségről,These ads ran without a disclaimer,≤100
825305624475174,Hawaiiyak,These ads ran without a disclaimer,≤100
1494102947550377,Thông tin Dầu khí,These ads ran without a disclaimer,≤100
145801148937976,Agrárközösség,These ads ran without a disclaimer,≤100
150836998898897,aHang,These ads ran without a disclaimer,≤100
2392327931036570,Brightmark,These ads ran without a disclaimer,≤100
762425730781895,World of Kings,These ads ran without a disclaimer,≤100
142724365788811,VIASAT6,These ads ran without a disclaimer,≤100
724840764226090,Sou fã do Marcelo desde que ele fez o gol contra,These ads ran without a disclaimer,≤100
101517328491817,Casalanr,These ads ran without a disclaimer,≤100
215158678540954,AJC Transatlantic Institute,These ads ran without a disclaimer,≤100
362189887913523,Renshengshop,These ads ran without a disclaimer,≤100
125179374733697,Big News Buzz,These ads ran without a disclaimer,≤100
197203437879379,Szaniszló Sándor,These ads ran without a disclaimer,≤100
415604782569895,Daystechar,These ads ran without a disclaimer,≤100
132794053462608,Független Médiaközpont - Center for Independent Journalism,These ads ran without a disclaimer,≤100
305248873286662,Tóth Zoltán,These ads ran without a disclaimer,≤100
114383686970380,Az igazság az egészségről,These ads ran without a disclaimer,≤100
185130644919625,Facebook for Business,These ads ran without a disclaimer,≤100
2561709470525501,Cycle.bio - Hungary,These ads ran without a disclaimer,≤100
140716706608231,Left To Survive,These ads ran without a disclaimer,≤100
108324010633526,Medical Mono,These ads ran without a disclaimer,≤100
267474873666087,V4 Report,These ads ran without a disclaimer,≤100
108561624218764,Az igazság az egészségről,These ads ran without a disclaimer,≤100
203197030603239,8 Billion Trees,These ads ran without a disclaimer,≤100
101724634916446,Igazság az egészségről,These ads ran without a disclaimer,≤100
281904555771607,Gool Gadgets Go,These ads ran without a disclaimer,≤100
13204463437,"UNHCR, the UN Refugee Agency",These ads ran without a disclaimer,≤100
344542939482367,Smart Planet Shop,These ads ran without a disclaimer,≤100
1852520761657982,4ocean,These ads ran without a disclaimer,≤100
115564250284724,PQR Media,These ads ran without a disclaimer,≤100
110743757025325,Vox Populi választási kalauz,These ads ran without a disclaimer,≤100
115366836686423,RegrowAustralia,These ads ran without a disclaimer,≤100