Page ID,Page Name,Disclaimer,Amount Spent (EUR)
178362315106,European Parliament,European Parliament,6101
107898832590939,European Commission,European Commission,2467
496714657067332,Serdar Denktaş,Serdar Denktaş,2436
109083482458237,Mustafa Akıncı,Mustafa Akıncı,1984
620027974738907,Γραφείο Τύπου και Πληροφοριών - Press and Information Office,PIO Cyprus,1747
112732195470659,European Commission in Cyprus,European Commission in Cyprus,1480
117799504920552,ΑΚΕΛ - AKEL,ΑΚΕΛ - AKEL,1361
64330641883,Δημοκρατικός Συναγερμός,Δημοκρατικός Συναγερμός,1325
1658836934390503,Tufan Erhürman,Tufan Erhürman,1121
1555729751333078,Ersin Tatar,Ersin Tatar,1101
832972046731724,Λευτέρης Χριστοφόρου - Lefteris Christoforou,Λευτέρης Χριστοφόρου - Lefteris Christoforou,764
204892446290422,Kudret Özersay,Kudret Özersay,735
197874087030899,Costas Mavrides - Κώστας Μαυρίδης,Costas Mavrides - Κώστας Μαυρίδης,635
998046016880140,Νικόλας Παπαδόπουλος,Δημοκρατικό Κόμμα,632
293704380825571,Δημοκρατικό Κόμμα,Δημοκρατικό Κόμμα,432
175364966541034,Let's Make Cyprus Green,EkoNest,408
489124984493054,Κίνημα Σοσιαλδημοκρατών ΕΔΕΚ,Κίνημα Σοσιαλδημοκρατών ΕΔΕΚ,402
100514261565221,Chinese Embassy in Cyprus,Georgios Kitis,356
533373550026645,Aon Cyprus,Aon Cyprus,342
205478755729,European Parliament Office in Cyprus,European Parliament Office in Cyprus,321
1663243560590599,Ονούφριος Κουλλά l Onoufrios Koulla,Onoufrios Koulla,303
244607425634139,StockWatch Cyprus,Stockwatch,299
489124984493054,Κίνημα Σοσιαλδημοκρατών ΕΔΕΚ,EDEK,295
112535566894357,Χρίστος Ζαννέττου - Christos Zannettou,Giorgos Zannetos,288
358841031473567,ΧΡΥΣΗΣ ΠΑΝΤΕΛΙΔΗΣ,Χρυσανθος Παντελιδης,272
256299421194660,Αβέρωφ Νεοφύτου - Averof Neofytou,Δημοκρατικός Συναγερμός,269
698669730577000,Ygeiawatch,Ygeiawatch,268
794974070573548,Toyota Cyprus,Toyota Cyprus,230
620027974738907,Γραφείο Τύπου και Πληροφοριών - Press and Information Office,These ads ran without a disclaimer,228
111125275639882,epic cy,epic cy,225
147547541961576,Council of the European Union,Council of the European Union,209
220687858081709,Hasan Taçoy,HASAN TAÇOY,201
404386316397983,Κόμμα Δικαιοσύνης - ΟΑΔ,Michael Minas,188
1184280198249256,Κίνημα Αλληλεγγύη,Κίνημα Αλληλεγγύη,184
102111178030734,ALPAN UZ,Uz Alpan,176
156466074385246,Kıbrıs Postası,Kıbrıs Postası,166
609745702447737,ΛΕΥΤΕΡΗΣ ΔΗΜΗΤΡΙΟΥ,Eleftherios Demetriou,162
935543569845191,ΠΝΟΗ ΛΑΟΥ,ΠΝΟΗ ΛΑΟY,161
470323203056530,Συμμαχία Πολιτών,ΣΥΜΜΑΧΙΑ ΠΟΛΙΤΩΝ,152
811609932267686,AKEL Türkçe,ΑΚΕΛ - AKEL,149
556192687867978,Σελίδα Χρύσανθου Σαββίδη,Chrysanthos Savvides,147
166984250879162,Vekibris,VeKıbrıs,142
325422097488660,Cumhuriyetçi Türk Partisi,Cumhuriyetçi Türk Partisi,139
305608429284,EU Environment,EU Environment,134
1644214549164677,Halkın Partisi,Halkın Partisi,127
1970316573002822,Şiddete Karşı Yan Yana,Şiddete Karşı Yan Yana,115
771955332942116,Χριστιάνα Ερωτοκρίτου,Christiana Erotokritou,110
100443554796863,Αιμιλία Ευαγγέλου Ξύδια-Aimilia Evangelou Xidia,Ioanna Evangelou,104
2050729838486968,Θεατρο Ανεμωνα - Theatro Anemwna,Theodora Xenofontos,103
141366725876424,European Greens,European Greens,102
998046016880140,Νικόλας Παπαδόπουλος,Constantinos Georgallides,102
203131049761826,Ανδρέας Κυπριανού - Andreas Kyprianou,Andreas Kyprianou,≤100
100165882026706,Kleanthis Koutsoftas,Kleanthis Koutsoftas,≤100
878208312216203,Prof. Dr. Niyazi Kızılyürek,Niyazi Kızılyürek,≤100
112465656970942,Θκυό Λόγια / Thkio Logia,Thkio Logia,≤100
2221678617878265,Coca-Cola,Coca-Cola,≤100
1555729751333078,Ersin Tatar,These ads ran without a disclaimer,≤100
122074554119,EU Social,These ads ran without a disclaimer,≤100
1900800053503394,Ulusal Birlik Partisi,These ads ran without a disclaimer,≤100
270213387069072,Τζώρτζια Κωνσταντίνου-Παναγιώτου / Georgia Constantinou-Panayiotou,\tGeorgia Constantinou Panayiotou,≤100
115653995162093,Nicos Tornaritis - Νίκος Τορναρίτης,Nicos Tornaritis - Νίκος Τορναρίτης,≤100
376769355759242,Cumhuriyetçi Türk Partisi Gençlik Örgütü,Cumhuriyetçi Türk Partisi,≤100
114666170404607,Lakis Ioannou - Γραφείο Δικαιωμάτων Πολίτη,Λακης Ιωαννου,≤100
46620712083,Δρ. ΕΛΕΝΗ ΘΕΟΧΑΡΟΥΣ - Dr. ELENI THEOCHAROUS,Δρ. ΕΛΕΝΗ ΘΕΟΧΑΡΟΥΣ - Dr. ELENI THEOCHAROUS,≤100
822417261217421,Dr. Eleni Stavrou - Δρ Ελένη Σταύρου,Eleni Stavrou,≤100
173956835959315,Ευθύμιος Δίπλαρος - Efthimios Diplaros,Ευθυμιος Διπλαρος,≤100
453414104748271,Lefkoşa Türk Belediyesi,Atif Muezzinler,≤100
105793014658187,Dursun Oğuz,Dursun Oğuz,≤100
788345414696872,Erhan Arıklı,These ads ran without a disclaimer,≤100
101131288575477,Protagonistes.com.cy,Protagonistes.com.cy,≤100
339741359534555,Katerina Panagopoulos,These ads ran without a disclaimer,≤100
101600574720044,Tolga Atakan,Tolga Atakan,≤100
527351247377965,European Committee of the Regions,European Committee of the Regions,≤100
293704380825571,Δημοκρατικό Κόμμα,Constantinos Georgallides,≤100
1450100371962753,Δήμος Αμμοχώστου,Δήμος Αμμοχώστου,≤100
131599480586562,Katerina Christophidou,Katerina Christophidou,≤100
113626357005765,CITR International,CITR Cyprus,≤100
1384880214973279,Παγκύπρια Συντεχνία Ισότητα,Kyriacos Kyriacou,≤100
160132285717693,Ως Ιθάκην : Κίνημα Αλλαγής και Κάθαρσης,Ioannis Cannas,≤100
243441845686056,Τουριστικός Τύπος - Tourist Press,Antreas Erotokritou,≤100
169357619771189,University of Nicosia,These ads ran without a disclaimer,≤100
311289838967373,ΚΩΝΣΤΑΝΤΙΝΟΣ ΟΔΥΣΣΕΩΣ,Κωνσταντινος Οδυσσεως,≤100
237392416610109,Coca-Cola HBC Cyprus,Lanitis Bros,≤100
28312410177,World Food Programme,These ads ran without a disclaimer,≤100
133920606715369,Μιχάλης Δαμιανός - Michael Damianos,Michael Damianos,≤100
306684270037168,Μαρίνος Μουσιούττας,Andreas Nikitaras,≤100
1029832620461314,Respect Ayia Napa,Christakis Georgiadis,≤100
574047286040162,A. Karitzis & Associates LLC,Ζαχαρίας Καψής,≤100
105824561051061,"Υφυπουργείο Έρευνας, Καινοτομίας & Ψηφιακής Πολιτικής",These ads ran without a disclaimer,≤100
104705784234532,Keep our sand and sea plastic-free,Keep our sand and sea plastic-free,≤100
131599480586562,Katerina Christophidou,These ads ran without a disclaimer,≤100
310934165676880,Sophia For Children,Sophia For Children,≤100
219265161533109,StudentLife.com.cy,StudentLife.com.cy,≤100
553108428214366,Simos Ioannou - Σίμος Ιωάννου,Simos Ioannou,≤100
794332650955917,Fouroshiki,Fouroshiki Limited,≤100
315840879071640,Loucas Fourlas,Loucas Fourlas,≤100
436419753766608,Παναγιώτης Σεντώνας - Panayiotis Sentonas,Παναγιώτης Σεντώνας - Panayiotis Sentonas,≤100
109970137454269,תביעה יצוגית לתיקון הטיפול בקורונה בארץ,These ads ran without a disclaimer,≤100
114633950337823,Υφυπουργείο Τουρισμού,Deputy Ministry of Tourism,≤100
275845143290085,Ioannis Savva Archaeologist - Research Historian,Ioannis Savva,≤100
1803683629674363,Seçim Analiz,These ads ran without a disclaimer,≤100
252217245625469,Earth and Ocean Cyprus,Earth & Ocean,≤100
794974070573548,Toyota Cyprus,Amalia Chiromeridou,≤100
502944236549149,Ανδρέας Αποστόλου,Ανδρέας Α. Αποστόλου,≤100
1924710064268211,The Pionears Cyprus,Eleni Tsiouti,≤100
184060638403926,Pavlides Laboratory,These ads ran without a disclaimer,≤100
162863994461073,Center for Social Innovation - CSI,Center for Social Innovation - CSI,≤100
2043648115906156,Alecos Markides - Αλέκος Μαρκίδης,Alecos Markides,≤100
600328553408402,Friedrich Ebert Stiftung - FES Cyprus,FES Cyprus,≤100
230976897088341,Χαράλαμπος - Πάμπος Πιττοκοπίτης,Χαράλαμπος Πιττοκοπίτης,≤100
214592115648666,Happy Hour με τον Αντρέα Γιόρτσιο,Andreas Giortsios,≤100
157252641338,OANDA,These ads ran without a disclaimer,≤100
1184280198249256,Κίνημα Αλληλεγγύη,Κίνημα Αλληλεγγύη,≤100
103538311724112,George Kourris,George Kourris - Director at CGI COMMERCIAL GENERAL INSURANCE,≤100
1547289762223708,Casino İşletmecileri Birliği,Aziz Korkmaz,≤100
100174771640018,Δημοσθένης Στεφανίδης,These ads ran without a disclaimer,≤100
103521984661356,Cyprus Forum,Zenox Ltd,≤100
470323203056530,Συμμαχία Πολιτών,Δημος Κουγιουντας,≤100
178362315106,European Parliament,These ads ran without a disclaimer,≤100
104810994326126,De Jure,De Jure,≤100
2675147075848707,Νέα Δημοκρατία Κύπρου,Νέα Δημοκρατία Κύπρου,≤100
1406872809567447,Δημήτρης Παπαδάκης,Δημήτρης Παπαδάκης - Demetris Papadakis,≤100
112532663914512,Fuat Türköz Çiner,Fuat Ciner,≤100
103468051635506,Νίκος Γεωργίου,Nikos Georgiou,≤100
326882297995016,Ψηφίζω Δρ. Μαρδαπήττα Χρύσανθο,These ads ran without a disclaimer,≤100
100288645327895,Παναγιώτης Παχωμίου,Αλεξανδρος Αλεξανδρου,≤100
120634585355666,LuXembourg - Let's make it happen,These ads ran without a disclaimer,≤100
831939610501208,Στηρίζουμε Μαρίνο Κλεάνθους για την Ευρωβουλή,Marinos Cleanthous,≤100
998046016880140,Νικόλας Παπαδόπουλος,Μανωλης Κυριακου,≤100
104306170943615,Γιώργος Σολωμού,Γεωργιος Σολωμου,≤100
1820884184678798,Ξαναμπές στο Παιχνίδι - Ευρωεκλογές 2019,These ads ran without a disclaimer,≤100
240739611661,European University Cyprus,These ads ran without a disclaimer,≤100
1985858501691776,Birleşik Kıbrıs Partisi,These ads ran without a disclaimer,≤100
166984250879162,Vekibris,These ads ran without a disclaimer,≤100
319277908712118,Netcast Zone,Netcast Zone,≤100
105635324852095,Αλέξης Κωνσταντίνου-Alexis Constantinou,Παναγιωτης Ευσταθιου,≤100
101600574720044,Tolga Atakan,These ads ran without a disclaimer,≤100
529931393774871,Paralimni Municipality,These ads ran without a disclaimer,≤100
173342948271,Νεολαία Δημοκρατικού Συναγερμού (ΝΕΔΗΣΥ - NEDISY),Νεολαία Δημοκρατικού Συναγερμού (ΝΕΔΗΣΥ - NEDISY),≤100
1570853669894501,Elias Myrianthous Βουλευτής Κ. Σ. ΕΔΕΚ Πάφου,These ads ran without a disclaimer,≤100
492377674148648,Παγκύπριο Φεστιβάλ Νεολαίας & Φοιτητών ΕΔΟΝ,Alkis Sylikiotis,≤100
111658128847068,Amnesty International,These ads ran without a disclaimer,≤100
325422097488660,Cumhuriyetçi Türk Partisi,These ads ran without a disclaimer,≤100
157790290940020,Χαράλαμπος Θεοπέμπτου,Θεοπέμπτου Χαράλαμπος,≤100
878208312216203,Prof. Dr. Niyazi Kızılyürek,These ads ran without a disclaimer,≤100
244607425634139,StockWatch Cyprus,These ads ran without a disclaimer,≤100
108214251033191,Γιώργος Λυσανδρίδης - George Lysandrides,Georghios Lysandrides,≤100
305608429284,EU Environment,These ads ran without a disclaimer,≤100
116206531782887,Wise,These ads ran without a disclaimer,≤100
204010523005302,UK in Cyprus - British High Commission Nicosia,These ads ran without a disclaimer,≤100
325340077556996,EUROPA DONNA CYPRUS,EUROPA DONNA CYPRUS,≤100
106006620830952,USR Diaspora - Cipru,Partidul Uniunea Salvati Romania,≤100
420675871612712,Τομέας Κοινωνικής Πολιτικής Δημοκρατικού Κόμματος,Avgousta Faconti,≤100
1405721126369385,Μιχάλης Μηνά -  Πρόεδρος Κόμμα Δικαιοσύνης,Μιχάλης Μηνά -  Πρόεδρος Κόμμα Δικαιοσύνης,≤100
810985982594990,Μιχάλης Ιωάννου - Michalis Ioannou,Avaton Communications,≤100
394425467361593,Dr. Fischer Cyprus,These ads ran without a disclaimer,≤100
396767630880373,The Duke Boutique Suites,These ads ran without a disclaimer,≤100
104093047863641,Ανδρέας Θεοφάνους,Andreas Theophanous,≤100
100422741901365,Γιώργος Χατζηγιάννης,Georgios Hadjiyiannis,≤100
711283972334118,Δρ Χρήστος Χατζηκώστας DLC,These ads ran without a disclaimer,≤100
144709575593854,EESC - European Economic and Social Committee,EESC - European Economic and Social Committee,≤100
1125913217430048,University of Nicosia Medical School,These ads ran without a disclaimer,≤100
919105684851954,ΧΡΙΣΤΟΣ Κ. ΣΕΝΕΚΗΣ,Χριστος Σενεκης,≤100
1850899485125160,ΑΚΕΛ Αγίας Ναπας,Aimilia Evangelou,≤100
715275145197045,Dialogos,Dialogos,≤100
106972034107099,Sherlock English Pub,These ads ran without a disclaimer,≤100
1656967294525083,Red Wolf,Red Wolf,≤100
100936455330537,Σαββας Βουτήρου - Savvas Voutirou,Savvas Voutirou,≤100
106826124673131,Θεοδώρα Κυριάκου - Υπ. Βουλευτής ΔΗΠΑ,Σωτηριος Παπαδοπουλος,≤100
1185000461662514,Metgin,These ads ran without a disclaimer,≤100
1655149018033409,Nazım Çavuşoğlu,Nazim Cavusoglu,≤100
100398562131226,The Cyprus Political Television,Charalambos Therapis,≤100
355087424564148,VoteWatch Europe,These ads ran without a disclaimer,≤100
184459331590578,Michalis Sophocleous,Michalis Sophocleous,≤100
103268228338042,Νατάσα Ιωάννου,Anastasia Ioannou,≤100
609385236182625,SafeMetrix,These ads ran without a disclaimer,≤100
106899231054376,Enalios,Maria Avraam,≤100
1930475813747433,Anket Araştırma Merkezi,These ads ran without a disclaimer,≤100
1489551161093608,Trilogy Лимасол,These ads ran without a disclaimer,≤100
146244086011398,Dr. Faiz Sucuoğlu,These ads ran without a disclaimer,≤100
495002217621322,Lawrence Kalogreades - Psychology and Psychotherapy in Cyprus,Lawrence Kalogreades,≤100
1473921552826370,Peletico,Peletico,≤100
141366725876424,European Greens,These ads ran without a disclaimer,≤100
2243589379200521,Cyclamen Project,These ads ran without a disclaimer,≤100
1449052665318446,European Asylum Support Office - EASO,These ads ran without a disclaimer,≤100
48034275355,EPP - European People's Party,EPP - European People's Party,≤100
1644214549164677,Halkın Partisi,These ads ran without a disclaimer,≤100
249760808408460,Οργάνωση Νέων Επιστημόνων ΔΗΣΥ,These ads ran without a disclaimer,≤100
103878277828894,Φωνή Ελευθερίας,Ανδρεας Παπαελληνας,≤100
100452531647793,deVere Europe,These ads ran without a disclaimer,≤100
751649605020261,Kardeş Eli İnsani Yardım Derneği,These ads ran without a disclaimer,≤100
107898832590939,European Commission,These ads ran without a disclaimer,≤100
406404342873724,Κίνημα Οικολόγων - Συνεργασία Πολιτών,Κίνημα Οικολόγων - Συνεργασία Πολιτών,≤100
332523037613071,Ιακώβου Βάκης,Γιωργος Αλεξανδρου,≤100
168662459863747,Κεντρικό Συμβούλιο ΕΔΟΝ - Central Council EDON,Κεντρικό Συμβούλιο ΕΔΟΝ - Central Council EDON,≤100
333557080076083,G Valmas  cleaning & pest control Ltd CY tel:7008 77 88,These ads ran without a disclaimer,≤100
638668976238472,Cyprus Times,Δημήτριος Χατζηαντώνη,≤100
200072166845774,Νίκος Συμεού - Nicos Symeou,Νίκος Συμεού,≤100
514202272056249,Hippocampus Protaras-Cyprus,These ads ran without a disclaimer,≤100
102111178030734,ALPAN UZ,These ads ran without a disclaimer,≤100
254890711341731,Κωνσταντίνος Χρυσοδόντας - Πιττάκης,Κωνσταντινος Χρυσοδοντας,≤100
201956316618407,KTÖS,These ads ran without a disclaimer,≤100
260783067293307,"EU Internal Market, Industry, Entrepreneurship & SMEs",These ads ran without a disclaimer,≤100
315840879071640,Loucas Fourlas,Isidoros Kolotas,≤100
731667146982325,Cyprus - National Emergency,Alexander Zelitchenko,≤100
2621724574511511,No15 Nail Spa,These ads ran without a disclaimer,≤100
100308438203777,Είναι η ώρα,Constantinos Georgallides,≤100
1153161618052089,Final International University,These ads ran without a disclaimer,≤100
183125116821,EURES,These ads ran without a disclaimer,≤100
919232861444360,European Youth Event,These ads ran without a disclaimer,≤100
293704380825571,Δημοκρατικό Κόμμα,Μανωλης Κυριακου,≤100
996217153768083,Happy Hatchery,These ads ran without a disclaimer,≤100
737625886325105,Anonymous BEACH HOTEL,Spyros Spyrou,≤100
373637526101234,Enalia Physis Environmental Research Center,Louis Hadjioannou,≤100
223559201340424,Kıbrıs Sağlık ve Toplum Bilimleri Üniversitesi,These ads ran without a disclaimer,≤100
549773158424219,Oxygono,Oxygono,≤100
598527666975286,Yiotis Jewellery,Charalampos Papachristofi,≤100
901827203298971,Blevins Franks,These ads ran without a disclaimer,≤100
121334904602662,Maria Vasiliadou Deputy President Social Democrats Party EDEK,Κίνημα Σοσιαλδημοκρατών ΕΔΕΚ,≤100
101463311965634,Γεώργιος Παπαδόπουλος-Georgios Papadopoulos,Παναγιωτης Ευσταθιου,≤100
103094437836407,ΔΗΣΥ Αμμοχώστου,Δημοκρατικός Συναγερμός,≤100
733399116695923,Vouli.TV,Charalambos Therapis,≤100
1017841565031729,Νίκος Σπύρου - Nikos Spyrou,Νικος Σπυρου,≤100
397591464403313,Marefind,These ads ran without a disclaimer,≤100
169970233695201,Mehmet Manavoğlu,These ads ran without a disclaimer,≤100
103131244896358,Global Awareness,These ads ran without a disclaimer,≤100
107141181416162,Αντρέας Παπαπαύλου-Antreas Papapavlou,Παναγιωτης Ευσταθιου,≤100
264549677274777,Andreas Ttaouxis - Ανδρέας Τταουξιής,These ads ran without a disclaimer,≤100
104837798005091,Πρόδρομος Αλαμπρίτης - Prodromos Alambritis,Προδρομος Αλαμπριτης,≤100
959984067460849,Andreas Vyras,Andreas Vyras,≤100
313134405833857,LegalMatters,Christophoros Christophi,≤100
360808164554150,Ίδρυμα Αρχιεπισκόπου Μακαρίου Γ',These ads ran without a disclaimer,≤100
358536694500716,Άννα Κοσμά / Anna Kosma /,Anna Kosma,≤100
110953617710769,Πάνος Πλατρίτης Υποψήφιος βουλευτής Αμμοχώστου Αριστίνδην εδεκ,Παναγιωτης Πλατριτης,≤100
296336410412799,Devrimci Komünist Birlik - Επαναστατική Κομμουνιστική Λίγκα,Yusuf Alkim,≤100
241026116810590,Κέντρο Εκπαιδευτικής Κατάρτισης Shiatsu Προκόπης Προκοπίου,Prokopis Prokopiou,≤100
187484578648822,Pani Pantelides Developmental Care Centre,Χρυσανθος Παντελιδης,≤100
107336891088765,"Ευρωπαίοι, βοηθήστε τη Λευκορωσία",These ads ran without a disclaimer,≤100
104539898348621,Savvides,Savas Savvides,≤100
173555302713353,Curves Larnaca,These ads ran without a disclaimer,≤100
492377674148648,Παγκύπριο Φεστιβάλ Νεολαίας & Φοιτητών ΕΔΟΝ,These ads ran without a disclaimer,≤100
106407737483779,Συμμαχία Γυναικών,Δημος Κουγιουντας,≤100
256299421194660,Αβέρωφ Νεοφύτου - Averof Neofytou,Αβέρωφ Νεοφύτου - Averof Neofytou,≤100
177944865550775,Cyprus News,Cyprus News,≤100
1418941045019809,EKO Cyprus,Foivos Foivou,≤100
244954448880581,Haşim Volkan,Hasim Volkan,≤100
103896194849922,Μάριος Ρούσσος,Marios Roussos,≤100
103290268349654,Michalis Skordis,360 Chartered PR Consultants,≤100
192502287525568,24h.com.cy,These ads ran without a disclaimer,≤100
113962526626110,Kıbrıs Türk Gençlik Kongresi,These ads ran without a disclaimer,≤100
107885494373225,CY-Educational Services,S. Papavassiliou Educational Services,≤100
250735131694938,Malthouse Beer & Food,These ads ran without a disclaimer,≤100
1666888540256216,Νεολαία Οικολόγων-Young Cyprus Greens,These ads ran without a disclaimer,≤100
126673650730964,garagErasmus Foundation,These ads ran without a disclaimer,≤100
1639752569433397,Θεόδωρος Μανιταράς,Theodoros Manitaras,≤100
159662674097761,Phedon Phedonos,Phedon Phedonos,≤100
403291109741566,GNORA Communication Consultants,GNORA Communication Consultants,≤100
620355444756025,Μαρίνος Κυριάκου Δήμαρχος Αγίου Αθανασίου,Androula Alkiviadou,≤100
2217971601816153,Kyriakos Kasiouris,Kyriakos Kasiouris,≤100
719409961464508,Arsen Theofanidis Law Firm,These ads ran without a disclaimer,≤100
123012451159091,Karantonis Group,Karantonis Group,≤100
780524905679404,REAL 1 MARKET,These ads ran without a disclaimer,≤100
103060595116934,Παντελής Κώστα,Pantelis Kosta,≤100
309407133232381,UBP Lefkoşa İlçe,These ads ran without a disclaimer,≤100
138070989548204,Νίκος Νικολαΐδης / Nicos Nicolaides,Νικος Νικολαιδης,≤100
106470571231204,ITglobal,These ads ran without a disclaimer,≤100
1820884184678798,Ξαναμπές στο Παιχνίδι - Ευρωεκλογές 2019,Andreas Andreou,≤100
1479703308967886,Hellenic Bank,These ads ran without a disclaimer,≤100
122709801135672,HASDER,HASDER,≤100
445219289352830,PSD Diaspora Cipru,These ads ran without a disclaimer,≤100
53815007756,City Free Press,City Free Press,≤100
1788557328061678,Παρατηρητήριο Τρίτης Ηλικίας Κύπρου,Dimosthenis Antoniou,≤100
117799504920552,ΑΚΕΛ - AKEL,ΑΚΕΛ,≤100
108702734375349,SoundBites,Christophoros Christophi,≤100
240803509860181,Emmanuel Itua,These ads ran without a disclaimer,≤100
111125275639882,epic cy,These ads ran without a disclaimer,≤100
13204463437,"UNHCR, the UN Refugee Agency",These ads ran without a disclaimer,≤100
102389457864860,Treehuggers Bracelets,These ads ran without a disclaimer,≤100
271120899565258,Σάβια Ορφανίδου | Savia Orphanidou,Savoula Orphanidou,≤100
117799504920552,ΑΚΕΛ - AKEL,These ads ran without a disclaimer,≤100
394676184316826,Sunat Atun,These ads ran without a disclaimer,≤100
270213387069072,Τζώρτζια Κωνσταντίνου-Παναγιώτου / Georgia Constantinou-Panayiotou,These ads ran without a disclaimer,≤100
172160789493607,Ξένια Κωνσταντίνου | Xenia Constantinou,Xenia Konstantinou,≤100
214054925426233,Prountzos & Prountzos LLC,Opium Works,≤100
388433171576167,Pageri_Jewels,These ads ran without a disclaimer,≤100
106904391218088,Σπύρος Χριστοφίδης- Spyros Christofides,Σπύρος Χριστοφίδης,≤100
2388354714741824,EcoInnova,These ads ran without a disclaimer,≤100
1621817474777722,Μαρίνα Γλυκή Χατζημανώλη - Marina Glykis Hadjimanolis,Christos Hadjimanolis,≤100
828411763950694,TaxEduportal,These ads ran without a disclaimer,≤100
143022755731834,𝐈𝐬𝐥𝐚𝐦 𝐍𝐞𝐭,These ads ran without a disclaimer,≤100
181313018573327,Phileleftheros (Ό Φιλελεύθερος),Phileleftheros (Ό Φιλελεύθερος),≤100
115653995162093,Nicos Tornaritis - Νίκος Τορναρίτης,These ads ran without a disclaimer,≤100
100935381250768,Diana Minaeva,These ads ran without a disclaimer,≤100
335703007273595,5forPlanet,Eteoklis Papanastasiou,≤100
1533230256924257,Etergo,These ads ran without a disclaimer,≤100
335176123526601,Μιχάλης Γιακουμή - Υποψήφιος Βουλευτής Αμμοχώστου #1 ΔΗΠΑ - Συνεργασία,Michalis Giakoumi,≤100
884248208260775,Άρθρα Κείμενα Εκπομπές Μιχάλη Παρασκευά,Μιχάλης Παρασκευά,≤100
100443554796863,Αιμιλία Ευαγγέλου Ξύδια-Aimilia Evangelou Xidia,These ads ran without a disclaimer,≤100
1685332388164462,Wazifa - DUA,These ads ran without a disclaimer,≤100
231565213607385,Ktoeos,These ads ran without a disclaimer,≤100
127496543986832,Kuzey Kıbrıs Turkcell,These ads ran without a disclaimer,≤100
168626070463431,DCAR Cyprus,These ads ran without a disclaimer,≤100
110521573852191,Kibristanhaberal,These ads ran without a disclaimer,≤100
1793510380925494,USR Diaspora,These ads ran without a disclaimer,≤100
1531495073739471,Νεολαία Αλληλεγγύης,Νεολαία Αλληλεγγύης,≤100
1339801222697855,Γιώργος Δημητριάδης - George Demetriades,Georgios Demetriades,≤100
102547288547992,Πέτρος Μηνάς - Υποψήφιος Βουλευτής Λεμεσού - Αφύπνιση 2020,Petros Minas,≤100
1406872809567447,Δημήτρης Παπαδάκης,These ads ran without a disclaimer,≤100
175364966541034,Let's Make Cyprus Green,Let's Make Cyprus Green,≤100
129254657098019,Accept - LGBTI Cyprus,These ads ran without a disclaimer,≤100
180945471920826,boot Düsseldorf,These ads ran without a disclaimer,≤100
1651084981816691,Boobam,These ads ran without a disclaimer,≤100
104434668062598,Kıbrıs Tercüman Gazetesi,These ads ran without a disclaimer,≤100
328613154758514,Νέο Κύμα - Η Άλλη Κύπρος / New Wave - The Other Cyprus,Isabella Kounidou,≤100
541559642906641,Kıbrıs Restorasyon,These ads ran without a disclaimer,≤100
1265800296920375,Πατριωτικός Συνασπισμός,These ads ran without a disclaimer,≤100
910313862475518,Royal Senators,These ads ran without a disclaimer,≤100
1850899485125160,ΑΚΕΛ Αγίας Ναπας,These ads ran without a disclaimer,≤100
1625945707654941,The Justice Project,The Justice Project,≤100
1544889622506869,Adamos Aspris - Αδάμος Ασπρής,Avaton Communications,≤100
104022751059640,kuzeykibris.tv,These ads ran without a disclaimer,≤100
123142634426874,Microsoft CEE,These ads ran without a disclaimer,≤100
228407760651671,Μάριος Χαννίδης,Marios Hannides,≤100
106688881050010,AAS LTD,Σωτηριος Παπαδοπουλος,≤100
465179026984096,KKTC Karadeniz Kültür Derneği,These ads ran without a disclaimer,≤100
100717324694965,Magic Angels Baby Spa,These ads ran without a disclaimer,≤100
519802934853442,Cyprus Red Cross Society,These ads ran without a disclaimer,≤100
581358692335584,Νεολαία Δημοκρατικού Κόμματος - ΝΕΔΗΚ,ΝΕΔΗΚ,≤100
843590525761955,Ασφαλιστική Ασπίδα Αθανασία Δημοπούλου - Life Insurance,Athanasia Dimopoulou,≤100
560112044071912,Falun Dafa in Cyprus,These ads ran without a disclaimer,≤100
109857893764631,Turkiyeraporu.com,These ads ran without a disclaimer,≤100
198904226877555,Pathos Pro Spearfishing,These ads ran without a disclaimer,≤100
249760808408460,Οργάνωση Νέων Επιστημόνων ΔΗΣΥ,Marios Pelekanos,≤100
50605278326,Visit Cyprus,These ads ran without a disclaimer,≤100
1666515286969405,Χρύσανθος Φάκας - Chrysanthos Fakas,Chrysanthos Fakas,≤100
146244086011398,Dr. Faiz Sucuoğlu,Dr. Faiz Sucuoğlu,≤100
359990714123068,Οργανισμός Νεολαίας Κύπρου / Youth Board of Cyprus,Οργανισμός Νεολαίας Κύπρου / Youth Board of Cyprus,≤100
360808164554150,Ίδρυμα Αρχιεπισκόπου Μακαρίου Γ',ΙΔΡΥΜΑ ΑΡΧΙΕΠΙΣΚΟΠΟΥ ΜΑΚΑΡΙΟΥ Γ΄,≤100
729627343834501,Kialo,These ads ran without a disclaimer,≤100
1938937872998528,Κωνσταντίνος Λετυμπιώτης - Konstantinos Letymbiotis,Konstantinos Letymbiotis,≤100
1329572193784367,Stem op een Vrouw,These ads ran without a disclaimer,≤100
593806627485270,Hakikat Gazetesi,These ads ran without a disclaimer,≤100
104326668304681,Πρόδρομος Τσουλούπας - Μάκης,Προδρομος Τσουλουπας,≤100
105904571520508,ΠΡΩΤΑ η Κύπρος,Λεωνιδας Ιωαννου,≤100
406404342873724,Κίνημα Οικολόγων - Συνεργασία Πολιτών,These ads ran without a disclaimer,≤100
182680665085900,Isonem Boya & Yalıtım Teknolojileri,These ads ran without a disclaimer,≤100
1778227562441020,Αλέξανδρος - Αλέξης Χαραλάμπους,Marios Loizou,≤100
603554766349702,Creative Europe,These ads ran without a disclaimer,≤100
223172754383571,yeniduzen,These ads ran without a disclaimer,≤100
108405347646957,Λίνος Τσοκκάς - Linos Tsokkas,Leonidas - Linos Tsokkas,≤100
108214251033191,Γιώργος Λυσανδρίδης - George Lysandrides,Γιωργος Λυσανδριδης,≤100
335839580440114,Ask Europe,These ads ran without a disclaimer,≤100
812354019121242,Phivos Zachariades,These ads ran without a disclaimer,≤100
103118144427643,Big Rig Racing Game,These ads ran without a disclaimer,≤100
107131551322810,Αδάμος Φαρκωνής-Adamos Farkonis,Αδαμος Φαρκωνης,≤100
105702411529860,Λαζάρου Γιάννης • Υποψήφιος Βουλευτής Λευκωσίας #10,Ioannis Lazarou,≤100
436419753766608,Παναγιώτης Σεντώνας - Panayiotis Sentonas,These ads ran without a disclaimer,≤100
571975636495930,VOIS Cyprus,These ads ran without a disclaimer,≤100
108948867903709,Κωστάκης Χριστοφόρου,Panayiotis Efstathiou,≤100
2124160371150294,Englishouse by Önder Fahrioğlu,These ads ran without a disclaimer,≤100
118186911528334,Mediterranean Institute of Gender Studies (MIGS),Mediterranean Institute of Gender Studies,≤100
101944504494873,Özgürlük ve Barış Partisi,These ads ran without a disclaimer,≤100
111791593892819,Cleanyco,These ads ran without a disclaimer,≤100
134709716583515,Forum of Federations,These ads ran without a disclaimer,≤100
145269432164243,Your Europe,These ads ran without a disclaimer,≤100
230976897088341,Χαράλαμπος - Πάμπος Πιττοκοπίτης,These ads ran without a disclaimer,≤100
336656970906578,Kıbrıs Türk Öğrenci Yurtları Birliği,These ads ran without a disclaimer,≤100
521597838044834,Mc Kritikos Medical Supplies Ltd,Orestis Kritikos,≤100
649626345474966,TBS Solar Energy Systems,These ads ran without a disclaimer,≤100
489124984493054,Κίνημα Σοσιαλδημοκρατών ΕΔΕΚ,These ads ran without a disclaimer,≤100
167472573272165,Mindvalley на русском,These ads ran without a disclaimer,≤100
999438000148342,Σταύρος Παπαδούρης - Stavros Papadouris,Stavros Papadouris,≤100
408568246617951,Μαρία Παστελλά,Eftychios Michail,≤100
115987110317788,Ολύμπιος Χριστοφή,Olympios Christofi,≤100
600328553408402,Friedrich Ebert Stiftung - FES Cyprus,These ads ran without a disclaimer,≤100
2399205093469033,Irish Tax Agency,These ads ran without a disclaimer,≤100
112484194005573,Ρένα Γιαβάση,Dimos Kougiountas,≤100
967675103435698,Watershop Cyprus,These ads ran without a disclaimer,≤100
1405721126369385,Μιχάλης Μηνά -  Πρόεδρος Κόμμα Δικαιοσύνης,These ads ran without a disclaimer,≤100
114970892422272,Montegrappa Greece,These ads ran without a disclaimer,≤100
623014224574435,Φίλοι του ΚΚΕ στην Κύπρο,These ads ran without a disclaimer,≤100
111068587717743,Νικόλας Προδρόμου,Antonis Prodromou,≤100
106255524806329,Φίλοι Ανδρέα Θεμιστοκλέους,Cydigitalnet,≤100
193779967494964,Κυπριακό Κέντρο Στρατηγικών Μελετών - Cyprus Centre for Strategic Studies,These ads ran without a disclaimer,≤100
101965784487870,Γιώργος Γεωργίου,Georgios Georgiou,≤100
1834255700199670,Murat UZUN,These ads ran without a disclaimer,≤100
1259389827467923,Cyprus Daily,Δημήτριος Χατζηαντώνη,≤100
642656172469187,Kim Nicolaou - Artist,Kyriacos Nicolaou,≤100
340440252735081,Mülteci Hakları Derneği,Ahmet Sedat Tözün,≤100
1665415480386176,Radicalisation Awareness Network - RAN,These ads ran without a disclaimer,≤100
316361765093900,IMH,These ads ran without a disclaimer,≤100
146955527905,EU Civil Protection & Humanitarian Aid - ECHO,These ads ran without a disclaimer,≤100
1688405511407437,Οργάνωση Νέων Επιστημόνων ΔΗΣΥ Πάφου,Georgios Pitros,≤100
215158678540954,AJC Transatlantic Institute,These ads ran without a disclaimer,≤100
205478755729,European Parliament Office in Cyprus,These ads ran without a disclaimer,≤100
100794295284129,Εκλογικό Επιτελείο Αγγελικής Σάββα,Εκλογικό Επιτελείο Αγγελικής Σάββα,≤100
100426001319855,Νίκος Κάρουλλας / Nicos Karoullas,These ads ran without a disclaimer,≤100
110763844019077,NewTv_Cy,Argyris Ioannou,≤100
103879645037629,George Tsokkos - Γιώργος Τσόκκος,Γεωργιος Τσοκκος,≤100
1969039479869301,Νατάσα Ιωάννου,These ads ran without a disclaimer,≤100
104155561465348,Μάριος Ηλιάδης - Marios Eliades,Avaton Communications,≤100
338109312883186,China Xinhua News,These ads ran without a disclaimer,≤100
165945273419566,Kıbrıs Vakıflar İdaresi,These ads ran without a disclaimer,≤100
100365098219998,HELLO Cyprus,Charis Argyriou,≤100
2191933467738825,Dare to be Grey,These ads ran without a disclaimer,≤100
145603398957246,"Κωνσταντίνος Καλλίμαχος., συγγραφέας-εκπαιδευτικός",These ads ran without a disclaimer,≤100
2304870229835059,Öğretmenler Kooperatifi,These ads ran without a disclaimer,≤100
236450477153251,Pepsi Cyprus,These ads ran without a disclaimer,≤100
102023751671829,Nature Italy,These ads ran without a disclaimer,≤100
173504912667699,DNS International Teacher Training College,These ads ran without a disclaimer,≤100
173342948271,Νεολαία Δημοκρατικού Συναγερμού (ΝΕΔΗΣΥ - NEDISY),These ads ran without a disclaimer,≤100
213178965387804,Union for the Mediterranean,These ads ran without a disclaimer,≤100
1341746555969819,China Festival Cyprus,These ads ran without a disclaimer,≤100
1603050583116661,Cumhuriyet Meclisi,These ads ran without a disclaimer,≤100
1424579967840864,European Court of Auditors,These ads ran without a disclaimer,≤100
524562214605067,Ahmet Erbaş,These ads ran without a disclaimer,≤100
1133917950036888,Χάρης Αριστείδου,These ads ran without a disclaimer,≤100
105411638087440,Άριστος Χρ. Αριστείδου - ΚEKΚ,Aristos Aristidou,≤100
1614268508823327,AIPFE Cyprus - Women of Europe,AIPFE - WOMEN OF EUROPE,≤100
292486477507787,Lidl Cyprus,These ads ran without a disclaimer,≤100
1640673456194075,Arçelik Kıbrıs,These ads ran without a disclaimer,≤100
105654158058004,Theano Kalavana,Theano Kalavana,≤100
538725839581274,Κίνημα Πολιτών "Μήνυμα Ελπίδας",Stelios Platis,≤100
401156360637381,Μεγάλη Ελλάδα / Megali Ellada,Eleftherios Demetriou,≤100
101507828426717,Μάριος Πουλλικκάς - Marios Poullikkas,Marios Poullikkas,≤100
102519051251688,Tattoos by Justpoullis,These ads ran without a disclaimer,≤100
901821856873487,MedHelp 24,These ads ran without a disclaimer,≤100
107020484724682,Πέτρος Νακούζη - Petros Nacouzi,Petros Nacouzi,≤100
857545787723682,Κέντρο Ισότητας & Ιστορίας του Φύλου - Center for Gender Equality & History,These ads ran without a disclaimer,≤100
698669730577000,Ygeiawatch,These ads ran without a disclaimer,≤100
1611640832401282,Kibris Yetenekleri,These ads ran without a disclaimer,≤100
2000341880290773,Union of Cypriots - Ένωσις Κυπρίων - Kıbrıslılar Birliği,These ads ran without a disclaimer,≤100
100889731288167,Pitsilia News,Stelios Kyriakou,≤100
114157567088314,Γιώργος Διογένους - Georgios Diogenous,Γεωργιος Διογενους,≤100
581358692335584,Νεολαία Δημοκρατικού Κόμματος - ΝΕΔΗΚ,These ads ran without a disclaimer,≤100
100823324721374,Ίδρυμα Έρευνας και Καινοτομίας/ Research and Innovation Foundation,These ads ran without a disclaimer,≤100
295554127168157,Politis.com.cy - Εφημερίδα Πολίτης,Politis.com.cy - Εφημερίδα Πολίτης,≤100
306221479930314,Constantinos Ioannou -  Minister of Health,These ads ran without a disclaimer,≤100
0,Instagram User 87491055,These ads ran without a disclaimer,≤100
682477162177611,Limassol Blu Marine,These ads ran without a disclaimer,≤100
101233755322790,ΧΑΡΗΣ2021,Maria Pavli,≤100
120770278464488,Kdk Magazine,These ads ran without a disclaimer,≤100
1713782798950479,Ευαγγελίδης Πόλυς - Δημοτικός Σύμβουλος Αμμοχώστου,Polykarpos Evangelidis,≤100
480305829018059,Badland Brawl,These ads ran without a disclaimer,≤100
103605761765651,Χρίστος Χριστοδούλου/Christos Christodoulou,Christos Christodoulou,≤100
821586407885770,Y. Georgiades & Associates LLC,These ads ran without a disclaimer,≤100
292099980803345,Zorpas "miky" Baby Centre,These ads ran without a disclaimer,≤100
110743137717003,Λύσανδρος Λυσάνδρου - Υποψήφιος Βουλευτής ΕΔΕΚ,Ermi Savva,≤100
132821946916833,Συμμετοχή,These ads ran without a disclaimer,≤100
878208312216203,Prof. Dr. Niyazi Kızılyürek,Gürani Selma,≤100
103506974398641,Generalleaf,These ads ran without a disclaimer,≤100
104325881696989,Ανεξάρτητοι Κύπριοι Πολίτες,These ads ran without a disclaimer,≤100
337139906920844,Ring Tunes,These ads ran without a disclaimer,≤100
106688881050010,AAS LTD,These ads ran without a disclaimer,≤100
1501588556810592,Beautyliss by Maria Mouzouri,These ads ran without a disclaimer,≤100
212636172211305,The Life Jacket Foundation,These ads ran without a disclaimer,≤100
111630879332298,IMR/University of Nicosia,These ads ran without a disclaimer,≤100
381304162069025,Δημήτρης Δημητρίου - Demetris Demetriou,Δημήτρης Δημητρίου - Demetris Demetriou,≤100
107337060625187,AyL shoes,These ads ran without a disclaimer,≤100
129041250601685,ETUC,These ads ran without a disclaimer,≤100
367213453927555,Απόφοιτοι Τεχνολογικών Εκπαιδευτικών Ιδρυμάτων ΤΕΙ,Theodoros Theodorou,≤100
407544653178591,Telsim Kaliland,These ads ran without a disclaimer,≤100
878208312216203,Prof. Dr. Niyazi Kızılyürek,Behiye Derya Beyatli,≤100
108196120587957,UniBridge - Σπουδές στο Εξωτερικό,These ads ran without a disclaimer,≤100
1332013303505863,Kypwell,These ads ran without a disclaimer,≤100
306684270037168,Μαρίνος Μουσιούττας,These ads ran without a disclaimer,≤100
867273320047249,Taşkent Doğa Parkı,These ads ran without a disclaimer,≤100
103097808041121,Cyprus Government - Free These People Now,These ads ran without a disclaimer,≤100
113334613381782,Cyprus Shipping News,These ads ran without a disclaimer,≤100
353185345195139,Hoxton Capital Management,These ads ran without a disclaimer,≤100
832972046731724,Λευτέρης Χριστοφόρου - Lefteris Christoforou,These ads ran without a disclaimer,≤100
138070989548204,Νίκος Νικολαΐδης / Nicos Nicolaides,These ads ran without a disclaimer,≤100
107695637701823,Cumhurbaşkanı Ersin Tatar,These ads ran without a disclaimer,≤100
104712648326011,Κλεάνθης Ηλιάδης - Κερύνεια,Kleanthis Eliades,≤100
353280025136314,SIGG-Cyprus,These ads ran without a disclaimer,≤100
541514539364309,Ανδρέας Χριστοφόρου Andreas Christoforou,Andreas Christoforou,≤100
148097975226385,Party of European Socialists,Party of European Socialists,≤100
161118550597717,Israel in Cyprus,These ads ran without a disclaimer,≤100
103295775079959,Αντρέας Τελεβάντος,Αντρέας Τελεβάντος,≤100
243308565736627,Αντιγόνη Παπαδοπούλου - Η φωνή του ενεργού πολίτη,These ads ran without a disclaimer,≤100
288210061846255,Gözel Halim İyi İnsan Kültür Vakfı,These ads ran without a disclaimer,≤100
623560887683520,Life Has Colour by Gallery Iro Armefti artist,These ads ran without a disclaimer,≤100
832298706889408,111%,These ads ran without a disclaimer,≤100
651243208821140,Kyriacos N. Theodorides,Kyriacos Theodorides,≤100
1819180261712271,Παγκύπρια Ένωση Επιστημόνων Χημικών,These ads ran without a disclaimer,≤100
1151061185097422,Tapba Lamarina,These ads ran without a disclaimer,≤100
102803978509687,Μαργαρίτα Καϊμακλιώτη - Margarita Kaimaklioti,Kyriakos Kaimakliotis,≤100
409066015859943,Çangar Motors Co. Ltd.,These ads ran without a disclaimer,≤100
671046066326182,Caffe Pascucci Cyprus,These ads ran without a disclaimer,≤100
1014972861981893,Καραϊσκάκειο Ίδρυμα / Karaiskakio Foundation,These ads ran without a disclaimer,≤100
101601781989471,"Ιωάννης Γ. Παπαζαχαρία - Υποψήφιος Βουλευτής ΔΗΚΟ, Επαρχίας Πάφου",Ioannis Papazacharia,≤100
1454651611488665,Özok Mobilya,These ads ran without a disclaimer,≤100
328771631175563,"Breeze: mood journal, diary",These ads ran without a disclaimer,≤100
610639632353466,Takis Hadjigeorgiou,These ads ran without a disclaimer,≤100
108830870745412,LR - Aloe Vera,These ads ran without a disclaimer,≤100
103549188181549,Συνεργασία Δημοκρατικών Δυνάμεων,Αγγελος Βοτσης,≤100
349920542118450,Redfish,These ads ran without a disclaimer,≤100
118521662890773,Ανεξάρτητοι,These ads ran without a disclaimer,≤100
169525696494409,Europe Direct Information Centre in Larnaca,These ads ran without a disclaimer,≤100
676692975786082,Fun Games For Free,These ads ran without a disclaimer,≤100
239861323018415,Cyprus PEST Control LTD.,These ads ran without a disclaimer,≤100
622122061206441,artsembrace.now,These ads ran without a disclaimer,≤100
1635736753328236,Fortrade Online Trading,These ads ran without a disclaimer,≤100
665198100520894,Tradersnet,These ads ran without a disclaimer,≤100
144750648932169,GreenDot (Cyprus) Public Co Ltd,These ads ran without a disclaimer,≤100
1552646048303049,KPKD Otello Çok Sesli Korosu,These ads ran without a disclaimer,≤100
638668976238472,Cyprus Times,These ads ran without a disclaimer,≤100
209358189100710,Campion Insurance,These ads ran without a disclaimer,≤100
108214251033191,Γιώργος Λυσανδρίδης - George Lysandrides,These ads ran without a disclaimer,≤100
103399224822308,Cyprus Nightlife Association,These ads ran without a disclaimer,≤100
2109054056051924,Portalnews,These ads ran without a disclaimer,≤100
1489631331158301,Herbalista Natural Beauty & Wellness,These ads ran without a disclaimer,≤100
100678644937405,Dimitrios Daniil,Dimitrios Daniil,≤100
46620712083,Δρ. ΕΛΕΝΗ ΘΕΟΧΑΡΟΥΣ - Dr. ELENI THEOCHAROUS,These ads ran without a disclaimer,≤100
301528978473,Σπουδές στη Μ. Βρετανία - Network Foundation Courses,These ads ran without a disclaimer,≤100
366107457198874,Rise of Kingdoms,These ads ran without a disclaimer,≤100
393037280875657,Europe in my region,These ads ran without a disclaimer,≤100
473606469677158,"Ζώα, Άνθρωποι και Φύση - Κόμμα για τα Ζώα",These ads ran without a disclaimer,≤100
250421765026945,Premium Denim,These ads ran without a disclaimer,≤100
107405307496394,ellaOneCy,These ads ran without a disclaimer,≤100
604503129572525,Krypto Security Cyprus,These ads ran without a disclaimer,≤100
257405711275169,Medi4all Center Health &beauty Spa Λαρνακας,Δημητρα Τουναρη,≤100
350888674962511,European Investment Bank,These ads ran without a disclaimer,≤100
1269471203159557,JISS - Jerusalem Institute for Strategy and Security,These ads ran without a disclaimer,≤100
107544917654135,dminaeva,These ads ran without a disclaimer,≤100
281362032057322,Hoodgroove Management,These ads ran without a disclaimer,≤100
373847286048229,Fikri Ataoğlu,These ads ran without a disclaimer,≤100
90314858707,Maxim Integrated,These ads ran without a disclaimer,≤100
109360290492105,Δάνειο-υπηρεσίες,These ads ran without a disclaimer,≤100
182073298490036,Gaia,These ads ran without a disclaimer,≤100
87481778254,Morphsuits,These ads ran without a disclaimer,≤100
1788557328061678,Παρατηρητήριο Τρίτης Ηλικίας Κύπρου,These ads ran without a disclaimer,≤100
208411345454,Manchester City,These ads ran without a disclaimer,≤100
105161537532328,Votemee,These ads ran without a disclaimer,≤100
108588797520459,Uluslararası Sağlık ve Eğitim derneği,These ads ran without a disclaimer,≤100
103519094722156,Agia Sofia Constantinople,These ads ran without a disclaimer,≤100
312567513172,Tufina Watches,These ads ran without a disclaimer,≤100
125854754245857,Son of a Tailor,These ads ran without a disclaimer,≤100
172679319429447,EU Sustainable Energy Week,These ads ran without a disclaimer,≤100
7783116506,Animals Asia,These ads ran without a disclaimer,≤100
424115938425165,Suphi Asiltürk,These ads ran without a disclaimer,≤100
116642265047044,Haberler.com,These ads ran without a disclaimer,≤100
508057546374631,Barış ve Demokrasi,These ads ran without a disclaimer,≤100
291421261493751,CRE,These ads ran without a disclaimer,≤100
243441845686056,Τουριστικός Τύπος - Tourist Press,These ads ran without a disclaimer,≤100
1836365373266980,Cooking Diary,These ads ran without a disclaimer,≤100
181924628560212,SumOfUs,These ads ran without a disclaimer,≤100
805684673130984,Φίλοι Δημοκρατικής Παράταξης,These ads ran without a disclaimer,≤100
376769355759242,Cumhuriyetçi Türk Partisi Gençlik Örgütü,These ads ran without a disclaimer,≤100
100599184963363,EcoPramata,These ads ran without a disclaimer,≤100
408568246617951,Μαρία Παστελλά,These ads ran without a disclaimer,≤100
109690133853265,Your Path Abroad,These ads ran without a disclaimer,≤100
1376617159098048,OikosGroup,These ads ran without a disclaimer,≤100
998046016880140,Νικόλας Παπαδόπουλος,These ads ran without a disclaimer,≤100
1614314432015874,Νατέλλα Πεχλιβανίδου - Συμβουλευτική / Κλινική Υπνοθεραπεία,These ads ran without a disclaimer,≤100
1767474273552404,Home Made,These ads ran without a disclaimer,≤100
101176814872722,Global Pride 2020,These ads ran without a disclaimer,≤100
294516034359002,HASAN ÖZTAŞ-Başkan,These ads ran without a disclaimer,≤100
160132285717693,Ως Ιθάκην : Κίνημα Αλλαγής και Κάθαρσης,These ads ran without a disclaimer,≤100
2045521679003311,Yoki,These ads ran without a disclaimer,≤100
424615640886588,Kıbrıs Gazetesi,These ads ran without a disclaimer,≤100
101328828591341,Harmoninie A,These ads ran without a disclaimer,≤100
980874408622611,Beguided,These ads ran without a disclaimer,≤100
603442509674981,Akdeniz Karpaz Üniversitesi,These ads ran without a disclaimer,≤100
446381685477748,Latif AKÇA,These ads ran without a disclaimer,≤100
1655149018033409,Nazım Çavuşoğlu,These ads ran without a disclaimer,≤100
8002590959,Rainforest Action Network,These ads ran without a disclaimer,≤100
189509387769366,Petrolina (Holdings) Public Ltd,These ads ran without a disclaimer,≤100
550493375153440,Life Changing Ideas,These ads ran without a disclaimer,≤100
116520188451631,Halken İnşaat,These ads ran without a disclaimer,≤100
1427448350806135,Spyridon Armpis Orthopaedic Surgery,These ads ran without a disclaimer,≤100
133920606715369,Μιχάλης Δαμιανός - Michael Damianos,These ads ran without a disclaimer,≤100
100434614925186,L/G,These ads ran without a disclaimer,≤100
543868932366924,Typos,These ads ran without a disclaimer,≤100
431423564056198,IDEAL Air Purifiers Cyprus,Iordanis Kridiotis,≤100
208619589270223,Nextory,These ads ran without a disclaimer,≤100
150322194563,PASA Primates: Pan African Sanctuary Alliance,PASA (Pan African Sanctuary Alliance),≤100
100921335127289,missarina_official,These ads ran without a disclaimer,≤100
240421491582,Demetris Mesimeris,These ads ran without a disclaimer,≤100
104010258125041,Kimseye oy yok be annem,These ads ran without a disclaimer,≤100
216311481960,Bill Gates,These ads ran without a disclaimer,≤100
111772750690947,Unioneu,These ads ran without a disclaimer,≤100
124275457632741,ElectronicSpecifier,These ads ran without a disclaimer,≤100
103085384781587,Advance,These ads ran without a disclaimer,≤100
374337986033736,Ινστιτούτο Γλαύκος Κληρίδης / Glafkos Clerides Institute,These ads ran without a disclaimer,≤100
145483325611396,Cyprus Aware,Kyriakos Pierides,≤100
225516741385997,PKCEL,These ads ran without a disclaimer,≤100
1845028002397726,Andreas Lordos Ανδρέας Λόρδος,These ads ran without a disclaimer,≤100
922750737743103,Güzide Anaokulları Yazır,These ads ran without a disclaimer,≤100
320775675045079,KKTC Okçuluk Federasyonu,These ads ran without a disclaimer,≤100
121137931324133,SOS Çocukköyü Derneği,These ads ran without a disclaimer,≤100
104820587555043,Cyprus Daily News,These ads ran without a disclaimer,≤100
744117525682994,EducationUSA Cyprus,These ads ran without a disclaimer,≤100
123773807821261,Patio Cocktail Bar,These ads ran without a disclaimer,≤100
1578786898919937,Alain Türk,These ads ran without a disclaimer,≤100
404386316397983,Κόμμα Δικαιοσύνης - ΟΑΔ,These ads ran without a disclaimer,≤100
579251692438236,Headline of Cyprus,These ads ran without a disclaimer,≤100
107530896035156,TC Square Ltd,These ads ran without a disclaimer,≤100
103187531304674,Gri Meydan,These ads ran without a disclaimer,≤100
413578449406689,State of Survival,These ads ran without a disclaimer,≤100
1878320149136407,Rise of Empires: Ice and Fire,These ads ran without a disclaimer,≤100
1852520761657982,4ocean,These ads ran without a disclaimer,≤100
281904555771607,Gool Gadgets Go,These ads ran without a disclaimer,≤100
12597491214,ADRA International,These ads ran without a disclaimer,≤100
100451933698060,AdVenture Communist,These ads ran without a disclaimer,≤100
110658457315245,Solar LED Stair Lights - Boundery,These ads ran without a disclaimer,≤100
502944236549149,Ανδρέας Αποστόλου,These ads ran without a disclaimer,≤100
425482864324620,Queenstown Islamic Center,These ads ran without a disclaimer,≤100
100466264657702,Giantef,These ads ran without a disclaimer,≤100
298043743589859,Omaze,These ads ran without a disclaimer,≤100
106260750754654,Alexandru Nechifor,These ads ran without a disclaimer,≤100
270313540168458,Rauf Denktas University,These ads ran without a disclaimer,≤100
1055494301257869,Sol Hareket,These ads ran without a disclaimer,≤100
909031702556405,Design by PP,These ads ran without a disclaimer,≤100
687589164666184,MasterClass,These ads ran without a disclaimer,≤100
100957867966942,BFN Today RUS,These ads ran without a disclaimer,≤100
218175628357886,Ενωμένοι Δημοκράτες - Νεολαία Ενωμένων Δημοκρατών United Democrats,These ads ran without a disclaimer,≤100
771947142920359,IReader,These ads ran without a disclaimer,≤100
115366836686423,RegrowAustralia,These ads ran without a disclaimer,≤100
17457692073,Dean Graziosi,These ads ran without a disclaimer,≤100
19746387261,Humane Society International,These ads ran without a disclaimer,≤100
100369855088965,Dernières Nouvelles,These ads ran without a disclaimer,≤100
619185358591194,Freedom of life,These ads ran without a disclaimer,≤100
190010265716,Cisco Networking Academy,These ads ran without a disclaimer,≤100
158714780827513,UNFPA,These ads ran without a disclaimer,≤100
440902859280970,GodSaidManSaid,These ads ran without a disclaimer,≤100
100296704772989,Wildlife Mission,These ads ran without a disclaimer,≤100
362189887913523,Renshengshop,These ads ran without a disclaimer,≤100
919105684851954,ΧΡΙΣΤΟΣ Κ. ΣΕΝΕΚΗΣ,These ads ran without a disclaimer,≤100
182374685278913,TAQA,These ads ran without a disclaimer,≤100
2256082751338463,Media Awareness,These ads ran without a disclaimer,≤100
825797611117978,Cool Gadgets,These ads ran without a disclaimer,≤100
2675147075848707,Νέα Δημοκρατία Κύπρου,These ads ran without a disclaimer,≤100
1664959567149320,Wholesome Culture,These ads ran without a disclaimer,≤100
770704223323599,Dezvoltăm România,These ads ran without a disclaimer,≤100
565225540184937,CGTN,These ads ran without a disclaimer,≤100
114807996561805,adviice_bett,These ads ran without a disclaimer,≤100
398799110143354,Lev Haolam - Supporting Israel,These ads ran without a disclaimer,≤100
153371894688575,World Bank,These ads ran without a disclaimer,≤100
323719711161857,Uğurel Mermer & Granit,These ads ran without a disclaimer,≤100
1591281900962518,Nic.Themist,These ads ran without a disclaimer,≤100
101995411316,Israel Ministry of Foreign Affairs,These ads ran without a disclaimer,≤100
140716706608231,Left To Survive,These ads ran without a disclaimer,≤100
516658892133415,Heroic - Magic Duel,These ads ran without a disclaimer,≤100
1276503745842895,DYLN Alkaline Water Bottle,These ads ran without a disclaimer,≤100
217316998627741,King of Avalon,These ads ran without a disclaimer,≤100