Page ID,Page Name,Disclaimer,Amount Spent (CZK)
161396423900274,Piráti - Pardubický kraj,Česká pirátská strana,124624
487445514669670,Petr Fiala,ODS - Občanská demokratická strana,122139
111041662264882,ČSSD,ČSSD,115679
214827221987263,Andrej Babiš,ANO,114747
178362315106,European Parliament,European Parliament,110329
55876739776,Greenpeace Česká republika,Greenpeace Česká republika,92712
129667385500897,Roman Línek,Programmatic media,78465
270332350585308,3PK - Pro prosperující Pardubický kraj,3PK,77981
109323929038,Česká pirátská strana,Česká pirátská strana,67535
728495140691300,Milion chvilek pro demokracii,Milion chvilek pro demokracii,62918
470593056405865,Kde fondy EU pomáhají,Ministerstvo pro místní rozvoj,61157
251656685576,KDU-ČSL,KDU-ČSL,50327
30575632699,ODS - Občanská demokratická strana,ODS - Občanská demokratická strana,39979
263551603800539,Martin Kolovratník,Martin Kolovratník - ANO,38896
179497582061065,Tomio Okamura - SPD,Svoboda a přímá demokracie (SPD),38494
158106970909089,Zelení Pardubický kraj,Strana zelených,36103
728495140691300,Milion chvilek pro demokracii,These ads ran without a disclaimer,32413
106008800769282,KHNP,Isobar,31561
179497582061065,Tomio Okamura - SPD,Svoboda a přímá demokracie - SPD,30497
107898832590939,European Commission,European Commission,27916
317398901621260,IKEA,IKEA,27059
295889117124834,Tipsport,Tipsport,26758
394570898000897,Kniha Revoluce - Jakub Trpiš,Jakub Trpis,24740
293944084004700,Welcome to the Jungle Česko,These ads ran without a disclaimer,24539
105586287727373,Jan Grulich - senátor z hor,TOP 09,23479
489450987825894,Ministerstvo zdravotnictví České republiky,Ministerstvo zdravotnictví České republiky,23010
370583064327,Starostové a nezávislí • STAN,Starostové a nezávislí,22281
225296017595082,STAN Pardubický kraj,Starostové a nezávislí • STAN,22254
101198835090246,Lidé PRO,"PRO ČR, z.s.",21176
937443906286455,Svoboda a přímá demokracie - SPD,Svoboda a přímá demokracie - SPD,19338
102389958091735,Generál Pavel - Spolu silnější,Pro bezpečnou budoucnost z.s.,19281
739115596482745,Trikolóra,Trikolóra,17802
1469427909957890,Reportér magazín,Reportér magazín,16899
195521183879647,Východočeši - Pardubický kraj,LLAM,16254
356448681873897,Mikuláš Peksa,Mikuláš Peksa,15826
230115400471918,Sanatorium Sanus,Sanatorium Sanus,15312
104969727582298,Možnost volby,Konektor Social,15066
347200411975609,VELUX,VELUX,15046
1036986463173677,Humans of Piráti,Česká pirátská strana,14521
104950577932501,Trikolóra - Soukromníci,Trikolóra hnutí občanů,13399
151864748349113,Finanční správa ČR,Ministerstvo financí,13238
693725074166331,Naše zdravotnictví,Naše zdravotnictví,12641
178362315106,European Parliament,These ads ran without a disclaimer,12623
290464181002849,Koalice pro Pardubický kraj,Koalice pro Pardubický kraj,12428
1477535869227488,Vít Rakušan,Starostové a nezávislí,12277
275042429350706,Tomáš Zdechovský,Tomáš Zdechovský,11925
90002267161,TOP 09,TOP 09,11787
1269502056393120,Info.cz,Info.cz,11407
484775724880694,JUDr. Miroslav Antl,Miroslav Hofmann,10770
118636354851151,ODS | Pardubice - oblastní sdružení,ODS - Občanská demokratická strana,10524
356451014434612,Marian Jurečka,KDU-ČSL,10362
298789466930469,KSČM - Komunistická strana Čech a Moravy,"Futura, a.s.",10044
1095114177216463,Jan Holásek - senátor za Hradecko,Hradecký demokratický klub,9736
58887737763,Hnutí DUHA - Přátelé Země Česká republika,Hnutí DUHA - Přátelé Země Česká republika,9702
370583064327,Starostové a nezávislí • STAN,Starostové a nezávislí • STAN,9525
1199083776860090,Strana nezávislosti České republiky,Strana nezávislosti České republiky,9433
277957209202178,Václav Klaus ml.,Trikolóra,9124
206630153142726,Marek Výborný,Macků Ondřej,9036
354427944702361,"MUDr. Pavel Havíř, lékař a ředitel nemocnice",3PK,8933
321754948555757,Vojtěch Krňanský,Vojtěch Krňanský,8585
1736314393286607,Klára Dostálová,Ministerstvo pro místní rozvoj,8569
223691594909275,Miroslav Krčil,3PK,7993
102124834680052,Josef Bidmon,3PK,7980
579215965436046,JSNS,"Člověk v tísni, o.p.s.",7861
275042429350706,Tomáš Zdechovský,KDU-ČSL,7764
1451376028412024,Pavel Svoboda,Křesťanská a demokratická unie - Československá strana lidová,7750
299124538476,Zachraňme lesy,Hnutí DUHA - Přátelé Země Česká republika,7711
101730838422101,Za Sazku,SAZKA a.s.,7521
109323929038,Česká pirátská strana,These ads ran without a disclaimer,7253
264983260329918,Kupředu do minulosti,Igor Ondřej,7240
117787408240075,Radim Fiala - SPD,Radim Fiala - SPD,6841
107898832590939,European Commission,These ads ran without a disclaimer,6835
189974681840326,Zdraví Sport Prosperita pro Pardubický kraj,media vision pro Zdraví Sport Prosperita,6552
711658465662315,XTV,XTV,6256
382745889213194,Roman Kriz,Kriz Roman,6230
101064234787864,Bohumil Bernášek,3PK,6130
100388878195068,Václav Kubín,3PK,6059
106793243996130,Alpiq Retail,Alpiq Retail CZ,6021
100106215064496,ODS a TOP 09 - Pardubický kraj,Ondřej Müller,5987
535611970260854,Evropa společně,Evropa společně,5981
106880300912112,František Pilný,František Pilný,5944
424114981002397,Český rozhlas Plus,Český rozhlas,5910
106662040952250,Miroslav Křížek,Miroslav Křížek,5887
366294003502100,Vít Ulrych,Vít Ulrych,5788
166647353891,DOBROTY S PŘÍBĚHEM,These ads ran without a disclaimer,5675
855121337981887,MUDr. Jiří Mašek,Jiří Doležal,5666
112976130425108,Drahoslav Chudoba,Drahoslav Chudoba,5645
103430204491217,Robert Šlachta,Šimway,5638
196776900726766,Michaela Matoušková - STAN pro Pardubický kraj,Starostové a nezávislí • STAN,5500
339242666586738,Piráti - Pardubice,Piráti Pardubice,5357
123858471641,iROZHLAS.cz,Český rozhlas,5145
117111438676,Asociace společenské odpovědnosti,Asociace společenské odpovědnosti,5143
179497582061065,Tomio Okamura - SPD,Tomio Okamura - SPD,5132
101354244586132,Československá socialistická tisková kancelář,Konektor Social,5126
110795960297529,PURPANDA,Horacek Ondrej,5029
320144481956623,HLAS,První prezidentská,4950
150003828819986,Dedoles,These ads ran without a disclaimer,4740
336328666439257,ŠKODA Česká republika,These ads ran without a disclaimer,4634
202974613060409,Pavel Poc,Poc Pavel,4634
106495177577528,Jan Macháček,3PK,4568
124212050978293,Kverulant org,Kverulant org,4497
105175464304278,Nechci stadion na dluh,"Nechci stadion na dluh, z.s.",4452
120764052849694,World News 24,"World News Media, s.r.o.",4444
378827025796132,Peak.cz,Peak.cz,4389
609246842426009,Rekonstrukce státu,Rekonstrukce státu,4303
263441620339662,Nestlé,Nestlé Česko s.r.o.,4205
401218907157652,Mladí pro Pardubický kraj,Mladí pro Pardubický kraj,4200
2380171825590338,Markéta Gregorová - I Ty jsi Brusel,Markéta Gregorová,4193
497198057045195,Monika Le Fay,Monika Le Fay,4118
100101018463289,František Mencl,František Mencl,4067
1900532106849242,Institute H21,Institute H21,4055
102937347929221,Alena Šírová,3PK,4045
128259637824711,NEY spořitelní družstvo,NEY spořitelní družstvo,4021
111041662264882,ČSSD,ČESKÁ PRODUKČNÍ Social Media s.r.o.,3981
146991996743,Gambrinus,These ads ran without a disclaimer,3954
117823623864,Transparency International ČR,Transparency International ČR,3905
141366725876424,European Greens,European Greens,3876
384187235387895,Alena Schillerová,ANO,3844
43855944703,Svobodní,Svobodní,3680
764700610326484,ODA,These ads ran without a disclaimer,3606
466459903794526,MUDr. Ivan David,European Parliament,3596
105537664539553,Letohraďák,Letohraďák,3543
177168055984056,Reportáže z průmyslu,Lucie Rottenborn,3529
55408246161,Amnesty International ČR,Amnesty International ČR,3410
278212515809,Kancelář Evropského parlamentu,Kancelář Evropského parlamentu,3381
369791889744166,Tomáš Havlíček,ODS - Občanská demokratická strana,3277
114723720265985,Pavel Staněk - aktivnipolitik.cz,Pavel Staněk,3198
394570898000897,Kniha Revoluce - Jakub Trpiš,These ads ran without a disclaimer,3190
2256794514563672,Češi v právu,Češi v právu,3187
1917661888252695,Tomáš Goláň - senátor,Tomáš Goláň - senátor,3162
513927259349822,Nadace Tipsport,Nadace TIPSPORT,3158
114474108677288,Martin Kuba,Martin Kuba,3097
206407509818,Blesk.cz,Czech News Center a.s.,3090
1416733788557863,Pravda o vodě a voda lidem,Pravda o vodě a voda lidem,3002
764700610326484,ODA,Občanská demokratická aliance,2957
1201085733241671,Café Evropa,EUROPEUM Institute for European Policy,2953
638792146279755,Martin Netolický,3PK,2926
129832104026166,Motora,These ads ran without a disclaimer,2855
109870957154839,Home Voluntarily / Домой добровольно / Tự nguyện hồi hương,Mezinárodní organizace pro migraci (IOM),2854
171976652332,Mladí demokraté,Mladí demokraté,2824
197010357446014,"Ondřej Prokop, místostarosta Prahy 11",Ondrej Prokop,2774
105859461356280,Exekuční neřád,Rekonstrukce státu,2771
111041662264882,ČSSD,These ads ran without a disclaimer,2736
100106215064496,ODS a TOP 09 - Pardubický kraj,ODS Pardubický kraj,2684
115589329891193,Konference Budoucnost evropského zemědělství /2020,European Parliament,2641
339021716804527,Volime-Hynka-007,ODS - Občanská demokratická strana,2615
876081855773308,Pošta Zdarma,These ads ran without a disclaimer,2591
872454636138704,OBRAZ - Obránci zvířat,OBRAZ - Obránci zvířat,2569
578342809023884,Jsme fér,Prague Pride,2505
284247164921991,Pirátská strana - Vysočina,Česká pirátská strana,2493
270332350585308,3PK - Pro prosperující Pardubický kraj,These ads ran without a disclaimer,2475
733410133337387,Michaela Šojdrová,KDU-ČSL,2406
109971530524897,Týdeník Hrot,Týdeník Hrot,2381
179497582061065,Tomio Okamura - SPD,These ads ran without a disclaimer,2376
106149624597497,Manifest.cz,David Tesař,2265
144298469843,Ronnie.cz,These ads ran without a disclaimer,2251
134443820058669,Zbyněk Stanjura,ODS - Občanská demokratická strana,2251
18349420804,Heureka.cz,These ads ran without a disclaimer,2245
356451014434612,Marian Jurečka,Lambert Vojtech,2221
2675743919122449,Nakupino.cz,These ads ran without a disclaimer,2216
1776002445975063,V síti Ivana Langera,RiverSong s.r.o.,2182
107733504431288,CEVRO ARENA,Jiří Cieslar,2181
342983399151939,Econea,Econea,2174
108955600806152,Jakub Unucka - Občan a politik ODS,ODS,2147
1866971343363946,Contraband.zone - Originální dárky,These ads ran without a disclaimer,2124
108726857444837,České zájmy v EU,České zájmy v EU,2123
1828572300805912,Rosatom Global,These ads ran without a disclaimer,2122
1757913860945739,ORLEN Unipetrol,Unipetrol,2119
162310277268109,"Ing. Jaromír Kohlíček, CSc.",Kohlicek Jaromir,2107
350495845030493,Fairtrade Česko a Slovensko,Fairtrade Česko a Slovensko,2082
110620533808314,Josef Kozel,3PK,2081
339242666586738,Piráti - Pardubice,These ads ran without a disclaimer,2063
1754507148208767,pujckybezpecne.cz,Czech Financial Consulting s.r.o.,2056
102433907827641,Bamboo Europe CZ,BAMBOO EUROPE CZ,2039
470593056405865,Kde fondy EU pomáhají,These ads ran without a disclaimer,2030
394054867410128,4Life Direct Česká Republika,These ads ran without a disclaimer,2008
55408246161,Amnesty International ČR,These ads ran without a disclaimer,2007
977639539069229,Jana Maláčová,Jana Maláčová,1998
100126318421866,"Jana Drejslová, místostarostka Rychnova n. Kn.",ODS Královéhradecký kraj,1945
1570680696523246,Institut pro politiku a společnost,Institut pro politiku a společnost,1927
153384318085064,EUROPEUM Institute for European Policy,EUROPEUM Institute for European Policy,1900
106901094332851,Recykluj - nespaluj,Recykluj - nespaluj,1862
400970967000022,Jan Zahradil,ODS - Občanská demokratická strana,1836
953618527988607,MUDr. Vladimír Ninger,3PK,1830
117330538358428,KDU-ČSL Vysočina,Krajská organizace KDU-ČSL Vysočina,1802
241109176072783,"Petr Fiala, Letohrad",These ads ran without a disclaimer,1784
111215574075805,Petr Máca,Petr Máca,1770
113755299053,MUDr. Gabriela Pecková - TOP 09,Vondryska Jan,1753
106117859442264,Chilly's Bottles,These ads ran without a disclaimer,1751
400970967000022,Jan Zahradil,Jan Zahradil,1750
39371299263,Zelení - Strana zelených,Zelení - Strana zelených,1742
121742606287904,Zasaďme se Hnutí DUHA,Hnutí DUHA - Přátelé Země Česká republika,1722
100683176313,iDNES.cz,These ads ran without a disclaimer,1710
1569827246387763,Energie pro život,These ads ran without a disclaimer,1710
257529307701966,Jiří Pospíšil,TOP 09,1693
40744295977,Brembo,These ads ran without a disclaimer,1676
50309511751,Český rozhlas - Radiožurnál,Český rozhlas,1667
137301989386,Aktuálně.cz,Aktuálně.cz,1616
113437470509035,Za normální svět,Karel Halačka,1614
474594005906021,Olga Sehnalová,Olga Sehnalová,1604
1220066088147062,Ondřej Krutílek,ODS,1592
401218907157652,Mladí pro Pardubický kraj,These ads ran without a disclaimer,1581
317398901621260,IKEA,These ads ran without a disclaimer,1571
100411331619612,Čínský virus bez cenzury: Info a tipy,Jiří Chlebníček,1552
104654572907664,E.ON Energy Globe,These ads ran without a disclaimer,1519
2108659169383946,František Talíř,KDU-ČSL,1500
424122987643945,Jiří Štěpán,Jiří Štěpán,1482
321165708610626,Andrej Bóna,Vokoun Tomas,1446
124596689571,Radio Wave,Český rozhlas,1437
374865462625217,I Love Primátor,These ads ran without a disclaimer,1429
117823623864,Transparency International ČR,These ads ran without a disclaimer,1427
298486534052289,Tomáš Hanuš,Kricfalusi Jiri,1411
106891623334554,Adam Vojtěch,These ads ran without a disclaimer,1359
202634290620318,Seventh Generation,Seventh Generation,1307
469612116404009,Enmag.cz,Jan Drahoš,1299
121241337968943,"Koruna Česká - monarchistická strana Čech, Moravy a Slezska","Koruna Česká - monarchistická strana Čech, Moravy a Slezska",1297
102747291511703,Jiří Matoušek,Jiří Matoušek,1292
104541081151885,Radko Martínek,3PK,1261
1483237748591093,Festival svobody,Festival svobody,1243
267806570729225,Národní Noviny,Hrubon Rudolf,1237
108263350822320,Spectr salad,These ads ran without a disclaimer,1213
573004246504627,Bohéma,Dobrý spolek,1213
106785184177769,Mikuláš Minář,"PRO ČR, z. s.",1212
267751653384029,Pardubický kraj,These ads ran without a disclaimer,1192
400970967000022,Jan Zahradil,These ads ran without a disclaimer,1180
34825122262,Časopis Reflex,Časopis Reflex,1171
810056782516469,Patrik Nacher,Patrik Nacher,1152
248770028560533,Integrační centrum Praha / Integration centre Prague,Integrační centrum Praha / Integration centre Prague,1139
1247185735414347,Tradeinfo,These ads ran without a disclaimer,1136
162620837267478,Jan Bartošek,Jan Bartošek,1135
1487903284807764,"Mgr. Miroslav Půža, PhD - Volba pro město - Hradec Králové",Miroslav Půža,1135
102757761309959,Tipeeto,Tipeeto,1113
701293073580805,Pražský hrad - Kancelář prezidenta republiky,These ads ran without a disclaimer,1105
217321919134666,Kuba náměstek Rychtecký,These ads ran without a disclaimer,1100
350510278898035,Radim Ivan - Princ z ODS,PRINCZ Z ODS,1085
417640701606199,Mgr. Václav Řehoř,ODS Královéhradecký kraj,1070
159128307628233,Jihočeská univerzita v Českých Budějovicích,Jihočeská univerzita v Českých Budějovicích,1067
781783958522098,Volba pro město - Hradec Králové,Miroslav Půža,1056
142069753862,TN.CZ,These ads ran without a disclaimer,1055
1701718886552103,Moje Evropa,Moje Evropa,1050
371102969577848,Spojenci - Koalice pro Olomoucký kraj,Spojenci - Koalice pro Olomoucký kraj,1048
103020631260626,Un viaggio a Bali,These ads ran without a disclaimer,1048
1868858213334919,Z Man,These ads ran without a disclaimer,1048
6243987495,Spotify,These ads ran without a disclaimer,1040
2256794514563672,Češi v právu,These ads ran without a disclaimer,1037
112053947059755,Lenka Pařízková,3PK,1023
288578045399442,Czechsight,Patrik Malios,1022
102303404745971,Happy Planet - Travel,These ads ran without a disclaimer,1021
111210916534,Příběhy bezpráví,"Člověk v tísni, o.p.s.",1012
370583064327,Starostové a nezávislí • STAN,Starostové (STAN) s regionálními partnery a TOP 09,1012
226207821151572,Marek Novák,Marek Novák,1011
733410133337387,Michaela Šojdrová,These ads ran without a disclaimer,1010
112031268946067,Soukromníci - Pardubický kraj,Soukromníci  - Strana soukromníků České republiky,1000
101834094659437,Filip Mezera - Pirát,Mezera Filip,1000
146108975400840,ODS Pardubický kraj,ODS - Občanská demokratická strana,1000
181998901995394,"ŽIŽLAVSKÝ, advokátní kancelář",These ads ran without a disclaimer,994
212720159182655,KitKat,These ads ran without a disclaimer,988
122036837883954,"CYRRUS, a.s.",These ads ran without a disclaimer,979
581395601924343,Jan Čižinský,"3000 statečných, z.s.",976
415013742606508,Asiaskop,"Sinoskop – Institut pro současnou Čínu, z.s.",957
356382154550156,e.on,These ads ran without a disclaimer,927
108149870772569,Probuďme Vysočinu,Občanská demokratická strana,927
198422827124,Saxo Bank,These ads ran without a disclaimer,917
214827221987263,Andrej Babiš,These ads ran without a disclaimer,917
273367223021327,Veronika Vrecionová,Občanská demokratická strana,896
147547541961576,Council of the European Union,Council of the European Union,890
378072105614553,Daniel Herman,Vasek Jiri,889
93433992603,Hospodářské noviny,Aktuálně.cz,887
109617549654,František JOHN,Jan Šafařík,883
43855944703,Svobodní,Vondracek Libor,882
462447430809625,Jiří Drahoš,Jiří Drahoš,881
110175187474897,ODS + STAN a Východočeši,"ODS, STAN a Východočeši",880
1917661888252695,Tomáš Goláň - senátor,"Tomáš Goláň, senátor za obvod č. 78 (Zlínsko)",879
202003355940,Ekoškola,vzdělávací centrum Tereza z.ú.,876
992555574111774,Sev.en Energy,These ads ran without a disclaimer,875
371826356761478,Exekutorská komora České republiky,Exekutorská komora,871
1900532106849242,Institute H21,Sova Miriam,871
1712946595601632,Tomáš Hovorka,Tomáš Hovorka,869
112976130425108,Drahoslav Chudoba,These ads ran without a disclaimer,867
101615854803666,Amazingtryp,These ads ran without a disclaimer,866
541077242579260,TOPAZ,Dlouhá Tereza,865
356382154550156,e.on,e.on,858
123858471641,iROZHLAS.cz,These ads ran without a disclaimer,845
648820725161231,Jiří "Denisa" Procházka,These ads ran without a disclaimer,841
121859381198702,Panasonic CZ / SK,These ads ran without a disclaimer,839
203833483473,Deník Referendum,Deník Referendum,835
511497365600515,Markéta Pekarová Adamová,Markéta Pekarová Adamová,830
1785288798420655,Jarolím Jan,Jiří Doležal,827
729627343834501,Kialo,These ads ran without a disclaimer,823
196138910406401,Democrats Abroad Czech Republic,Democrats Abroad,819
120250914680166,EuroZprávy.cz,These ads ran without a disclaimer,816
101997004521344,9 proti kolapsu zdravotnictví,Lékařský odborový klub - svaz českých lékařů,808
102540667943116,Cisco Geek,Barbora Dugová,803
280617905401953,Alexandra Udženija,These ads ran without a disclaimer,802
523450094407778,Marek Ženíšek,TOP 09,794
110395247524264,Švýcarská demokracie,Razdik Tomas,792
339242666586738,Piráti - Pardubice,Česká pirátská strana,792
553773474671244,Martin Kupka,ODS - Občanská demokratická strana,791
321754948555757,Vojtěch Krňanský,These ads ran without a disclaimer,790
125830487980906,Solární asociace,Solární asociace,789
933667260032831,Prague European Summit,EUROPEUM Institute for European Policy,788
257529307701966,Jiří Pospíšil,These ads ran without a disclaimer,786
43855944703,Svobodní,These ads ran without a disclaimer,778
251656685576,KDU-ČSL,These ads ran without a disclaimer,774
117787408240075,Radim Fiala - SPD,Svoboda a přímá demokracie - SPD,770
2244726532215982,Senátorský klub - Starostové a nezávislí,Senátorský klub Starostové a nezávislí,768
1562059410771351,Luboš Zálom,Luboš Zálom,762
348317211885508,ING Česká republika,ING Česká republika,761
560110467429487,SAPELI dveře a zárubně,These ads ran without a disclaimer,759
166706910203454,Cat Rugged Phones,These ads ran without a disclaimer,755
929594707123393,Ekonomická diplomacie ČR,Ministerstvo zahraničních věcí ČR,739
110477577043297,Hlas proti násilí,"Česká ženská lobby, z.s.",735
92337755037,Český rozhlas,Český rozhlas,729
944358442253364,Jihočeský kraj - oficiální,Jihočeský kraj,723
100746511657596,AVE Čáslav,AVE Čáslav,723
1657306687747703,Lukáš Berta - Svobodná vlaštovka,Lukáš Berta,719
1161002053978712,Jitka Seitlová,Lambert Vojtech,717
378072105614553,Daniel Herman,These ads ran without a disclaimer,706
219333261570307,Dita Charanzová,ANO,705
487997318434653,Festival svobodné kultury,These ads ran without a disclaimer,704
1440036052912404,Swimsuit.cz,Swimsuit.cz,703
279525722256496,Přiznání holek a kluků,These ads ran without a disclaimer,698
110492967541040,Regionální televize Východní Čechy,VTV Komunitní televize,694
432692927273545,Minidotaznik.cz,These ads ran without a disclaimer,693
832298706889408,111%,These ads ran without a disclaimer,693
110858965631193,Klimatická koalice,Michaela Pixová,689
113743658978459,Meltingpot,Meltingpot,687
90002267161,TOP 09,These ads ran without a disclaimer,687
745225392241191,Primagas Česká republika,PRIMAGAS s.r.o.,683
424114981002397,Český rozhlas Plus,These ads ran without a disclaimer,678
206045673805,Deník.cz,VLTAVA LABE MEDIA a.s.,669
30575632699,ODS - Občanská demokratická strana,These ads ran without a disclaimer,666
751578688203935,Echo24.cz,These ads ran without a disclaimer,665
98277291316,Bez dvojsmyslu není sranda!!!,These ads ran without a disclaimer,653
101875998260904,Jaroslav Vomáčka,ČESKÁ STRANA SOCIÁLNĚ DEMOKRATICKÁ,651
551976351670874,Zdeněk Hraba - senátor,Zdeněk Hraba - senátor,648
119624098506,Kateřina Konečná,Konecna Katerina,633
117035403470404,Názory politiků,Mgr. Daniel Zeman,632
1590014867927547,Purple Trading CZ/SK,These ads ran without a disclaimer,629
181347455571419,obhajobaridice.cz,These ads ran without a disclaimer,628
232030540857,XTB Online Trading,These ads ran without a disclaimer,627
605208513007852,Pavel Sehnal,These ads ran without a disclaimer,619
1462730514044633,ČtiDoma.cz,Jan Šercl,619
101260474568041,"Babiši, ruce pryč od naší země",These ads ran without a disclaimer,616
219326964905229,Týdeník Euro,Týdeník Euro,614
60516116431,Člověk v tísni,These ads ran without a disclaimer,613
1500359143321391,Rumble.cz,These ads ran without a disclaimer,612
282302426049071,8000 důvodů,Zdeňka Adamčíková,606
1151511744877743,Radostné Česko,These ads ran without a disclaimer,603
189520154425807,Ministerstvo životního prostředí,Ministerstvo životního prostředí,601
103257168112944,Pro TOP Vysočinu,TOP 09 Vysočina,601
311589326158964,Veronika Luňáková,ODS - Občanská demokratická strana,599
605208513007852,Pavel Sehnal,Občanská demokratická aliance,598
496499714051187,Čína bez cenzury,Velčovský,590
1068936623317235,Inga Petryčka,Inga Petryčka,586
104454034472806,Josef Hájek,3PK,583
296231097477438,Jana Krutáková,Starostové a nezávislí • STAN,574
104067154604719,Epoch Times Česko,Epoch Times Česko,572
413476830191,Prague Security Studies Institute,Prague Security Studies Institute,571
424122987643945,Jiří Štěpán,These ads ran without a disclaimer,570
109518600578608,famyfakta.cz,"AGROFERT, a.s.",569
289075461571,TOP 09 - Středočeský kraj,TOP 09,568
1269502056393120,Info.cz,These ads ran without a disclaimer,563
1757605707867183,Interkontakt.store,Petr Učeň,561
452663074768658,Slovo života Pardubice,Jan Marek,557
224923858400165,Nenecháváme to tak,ATG Principal GROUP,557
255386458235476,Dobrý start,"Dobrá rodina, o.p.s.",555
1917661888252695,Tomáš Goláň - senátor,These ads ran without a disclaimer,551
759764744404291,NE-VOLIM.cz - Východní Čechy,These ads ran without a disclaimer,551
296826220595,SAZKA,These ads ran without a disclaimer,550
2244726532215982,Senátorský klub - Starostové a nezávislí,Dolezalek Jan,546
120764052849694,World News 24,Michal Kubík,546
1055203891355904,Josef Valihrach - kandidát do Evropského parlamentu,Soukromníci  - Strana soukromníků České republiky,543
388570561882834,Radka Trylčová,ODS - Občanská demokratická strana,542
317530692148022,Evropa v datech,Evropa v datech,542
280617905401953,Alexandra Udženija,Občanská demokratická strana,538
751475201891213,Jindřich Vobořil,ODS - Občanská demokratická strana,538
297565827101858,"Díky, že můžem","Díky, že můžem",535
252673128998993,Daniela,Vasatkova Daniela,535
447733512640347,Juraj Seman kandidát do Evropského parlamentu,Seman Juraj,531
541077242579260,TOPAZ,PRodukujeme,530
810056782516469,Patrik Nacher,These ads ran without a disclaimer,529
342983399151939,Econea,These ads ran without a disclaimer,529
1980276621985901,Pavol Krúpa,These ads ran without a disclaimer,527
617644441768230,Hlídač státu,These ads ran without a disclaimer,526
947847402044555,Slušní lidé,Zdeněk Pernica,526
378827025796132,Peak.cz,These ads ran without a disclaimer,524
28312410177,World Food Programme,These ads ran without a disclaimer,524
206630153142726,Marek Výborný,These ads ran without a disclaimer,523
188896572776,Posters.cz,These ads ran without a disclaimer,520
101535311316753,Megabrands,These ads ran without a disclaimer,518
39371299263,Zelení - Strana zelených,Strana zelených,518
257821397915008,MOJE ODPADKY,MOJE ODPADKY,515
915576415163146,SZIF - Státní zemědělský intervenční fond,These ads ran without a disclaimer,513
121181451293587,Tlapnet,Jozef Kalina,504
318175442144379,SPD vyhraje volby,These ads ran without a disclaimer,503
2102164976773705,Piráti - Chrast,Česká pirátská strana,500
141366725876424,European Greens,These ads ran without a disclaimer,498
356448681873897,Mikuláš Peksa,These ads ran without a disclaimer,494
102540667943116,Cisco Geek,Partners Media,493
840906766014124,Jana Mračková Vildumetzová,These ads ran without a disclaimer,487
948298811869410,MetLife Česká republika,Okapalova Jana,484
49020448604,Nadace Vodafone Česká republika,Nadace Vodafone Česká republika,479
102089491196642,Nová energie Česka,Svaz moderní energetiky,477
102389457864860,Treehuggers Bracelets,These ads ran without a disclaimer,476
1575412782745772,Finakademie,These ads ran without a disclaimer,476
136248513192,Fórum 50 %,Fórum 50 %,475
682598481755402,Prague Airport - Letiště Praha,These ads ran without a disclaimer,473
1410403182565683,Petr Hladík,KDU-ČSL,471
1443742905864726,Zbyněk Linhart - Krásná Lípa,Zbyněk Linhart,469
109526384299816,Nepromlčíme,Spolek Nepromlčíme,469
1823070624574265,Dobrý prezident,"Dobryprezident.cz, a.s.",461
101811863213398,Forum 2000,Mediální agentura InsiderMedia,456
2134828473442418,Zdeněk Zajíček,These ads ran without a disclaimer,450
479746075051,Česká společnost ornitologická,Česká společnost ornitologická,447
206508709757318,"ANO Domovu, nejen seniorů",These ads ran without a disclaimer,446
122074554119,EU Social,These ads ran without a disclaimer,445
311589326158964,Veronika Luňáková,Lunakova Veronika,444
762046630473635,LIGA LIBE - Petice proti nesmyslným zákazům legálních obranných prostředků,These ads ran without a disclaimer,440
161396423900274,Piráti - Pardubický kraj,These ads ran without a disclaimer,439
274780189299925,ČSSD Olomoucký kraj,ČSSD,439
545254525495201,Pravý břeh - Institut Petra Fialy,ODS - Občanská demokratická strana,436
1956144064659620,BlueTV,SPGroup a.s.,435
278974085586343,Radio Dixie,These ads ran without a disclaimer,435
1151511744877743,Radostné Česko,Radostné Česko,432
268855381127,SodaStream CZ,SodaStream CZ,431
1917661888252695,Tomáš Goláň - senátor,SENÁTOR 21,429
320144481956623,HLAS,These ads ran without a disclaimer,426
490930117644709,Lubomír Zaorálek,ČSSD,425
52479821102,Týdeník Respekt,These ads ran without a disclaimer,423
135302423166907,LAWI sport,These ads ran without a disclaimer,419
567229570370422,Eva Decroix,ODS - Občanská demokratická strana,418
293067791465961,Ministerstvo hraček,These ads ran without a disclaimer,416
872454636138704,OBRAZ - Obránci zvířat,These ads ran without a disclaimer,415
574751955913323,Fotograf - David Stejskal,David Stejskal,415
344542362982337,Heroine.cz,Barbora Dugová,412
101288484695293,Evropská soda,Dark Side,411
1161002053978712,Jitka Seitlová,KDU-ČSL,410
370583064327,Starostové a nezávislí • STAN,These ads ran without a disclaimer,409
144123062291363,Slušná politika v Hradci,Jindřich Vedlich,400
113670565015,"Hlincová Hora Kodetka - místo, kde se stále něco děje a krásně žije.",These ads ran without a disclaimer,400
173305846086912,Jiří Čunek,Jiří Čunek,398
347373552121529,Petr Pavel prezidentem,Olda Neuberger,397
1838584856406893,MC Hejtman,Robert Buřič,396
693725074166331,Naše zdravotnictví,These ads ran without a disclaimer,394
1448847745374153,Piráti - Chrudim,Česká pirátská strana,391
799401563498801,Zdraví Sport Prosperita,These ads ran without a disclaimer,390
236657616931386,BLITZ UNION,These ads ran without a disclaimer,387
1742712405959600,Musil Reality,Musil Reality,387
106359037468260,Jiří Bláha,Kricfalusi Jiri,385
273949026772686,Kasíruj.cz,These ads ran without a disclaimer,384
117787408240075,Radim Fiala - SPD,Svoboda a přímá demokracie (SPD),377
835599849875489,Falun Gong Info,Falun Gong Info,377
1499325330136005,Intergram,Intergram,367
101509781441361,Sotirios Zavalianis,These ads ran without a disclaimer,365
259225414266213,Tomáš Vandas,Tomáš Vandas,363
484775724880694,JUDr. Miroslav Antl,These ads ran without a disclaimer,362
1395881230682843,Luděk Niedermayer,Luděk Niedermayer,362
511497365600515,Markéta Pekarová Adamová,TOP 09,360
188235971211201,"Organizace pro pomoc uprchlíkům, z.s.","Organizace pro pomoc uprchlíkům, z.s.",359
541077242579260,TOPAZ,"TOPAZ, z.s.",356
130631260290858,Česká pirátská strana - Středočeský kraj,Česká pirátská strana,351
171936526824,EKONOM.cz,EKONOM.cz,349
100617488241201,Magazín Proboha,Václav Radoš,347
114404163822721,Texasdepot,These ads ran without a disclaimer,347
320144481956623,HLAS,Hlas,347
100244701794716,Šimon Hlinovský - Očima mladého aktivisty,Šimon Hlinovský,346
288004403427,"Friedrich-Ebert-Stiftung, zastoupení v České republice","Friedrich-Ebert-Stiftung, zastoupení v České republice",346
302134090396266,Zdeněk Hřib - primátor Prahy,Česká pirátská strana - Praha,345
308240522910962,Lukáš Otys,Otys Lukáš,341
571338743346747,Respo Life,Tomáš Beneš,341
333918473679905,MALL.TV,These ads ran without a disclaimer,340
337821749739175,Nina Nováková,KDU-ČSL,340
397919187215,Evropská komise v ČR,Evropská komise v ČR,339
151864748349113,Finanční správa ČR,These ads ran without a disclaimer,338
278212515809,Kancelář Evropského parlamentu,These ads ran without a disclaimer,335
428629151278060,Ing. Miroslav Chocholáček,Chocholacek Miroslav,334
103099057968722,Hnutí Idealisté,Hnutí Idealisté,326
435237393688140,"Vlastibor Čermák, kandidát SPD do EP 2019",Cermak Vlastibor,325
403914896415276,Jihočeši 2012  Strakonice,Radek Sosna,315
334720110067940,"Jaromír Štětina, člen EPP frakce Evropského parlamentu",These ads ran without a disclaimer,314
1532749866981060,AynRand.cz,Luboš Zálom,313
236188077099716,"Prof. MUDr. Jan Čáp, CSc",David Dobrovolný,312
977639539069229,Jana Maláčová,These ads ran without a disclaimer,311
108837191008499,Jaroslav Lainz - Pirát,Lainz Jaroslav,310
201008373872939,Zdenka Němečková Crkvenjaš,ODS,310
356451014434612,Marian Jurečka,These ads ran without a disclaimer,310
133658853732637,Iniciativa 202020,These ads ran without a disclaimer,306
133508726699512,Finmag,Finmag,303
106885414298442,MUDr.Vladimír Dryml,media vision pro ZSP Senát,303
106971900737894,The United Arab Emirates Nation Brand,These ads ran without a disclaimer,303
396101327619272,Alena Kolytyak,These ads ran without a disclaimer,303
224923858400165,Nenecháváme to tak,These ads ran without a disclaimer,302
1956144064659620,BlueTV,Občanská demokratická aliance,302
263551603800539,Martin Kolovratník,These ads ran without a disclaimer,301
2016193845077300,"Renáta Zajíčková, starostka Pětky",Renáta Zajíčková,300
469612116404009,Enmag.cz,Robert Zelenka,299
298486534052289,Tomáš Hanuš,These ads ran without a disclaimer,298
66588246346,UNIQA Primátorky,These ads ran without a disclaimer,298
1451376028412024,Pavel Svoboda,These ads ran without a disclaimer,295
487445514669670,Petr Fiala,These ads ran without a disclaimer,295
2092588267635432,Cena Gratias Tibi,"Člověk v tísni, o.p.s.",293
106149624597497,Manifest.cz,Luděk Tesař,293
283758168405698,Starostové pro Vysočinu,Starostové pro Vysočinu,292
344542362982337,Heroine.cz,Heroine.cz,291
313971562018913,STAN Středočeský kraj,Starostové a nezávislí,291
101288484695293,Evropská soda,České zájmy v EU,289
244816482042,czc.cz,These ads ran without a disclaimer,288
249538682400743,"Marek Tichý, režisér a kameraman",Tichy Marek,284
39371299263,Zelení - Strana zelených,Berg Michal,281
599435753834732,Tvůj kandidát,Konečný Daniel,280
2300934643459060,Wheatly,These ads ran without a disclaimer,277
115285079911127,"Vítězslav Schrek, hejtman Kraje Vysočina",Občanská demokratická strana,277
1305036916201094,Stanislav Folwarczny,ODS s podporou TOP09,272
541077242579260,TOPAZ,Polkova Marketa,271
49599996524,The Tap Tap,Šimon Ornest,270
1706628786023325,PRodukujeme,PRodukujeme s.r.o.,269
2420640831526864,Marek Ošťádal • hanácké senátor,Starostové a nezávislí,267
467444320106677,Eco-Fin,Czech Info,267
1477535869227488,Vít Rakušan,These ads ran without a disclaimer,264
1439143123070953,Svoboda a přímá demokracie  Liberecký kraj - SPD,Radovan Vích,264
809013272468388,Aliance pro rodinu,Aliance pro rodinu,263
290802627794622,SČP,These ads ran without a disclaimer,263
244149929621521,Soft-sweet Chocolate,These ads ran without a disclaimer,262
516658892133415,Heroic - Magic Duel,These ads ran without a disclaimer,260
482307365455517,Svět Chytře,These ads ran without a disclaimer,260
106046725258,Soukromníci  - Strana soukromníků České republiky,Soukromníci  - Strana soukromníků České republiky,259
106933691258349,Svoboda a spravedlnost,Mikuláš Hrstka,257
103938258002373,Jaromír Dědeček,Jiří Doležal,256
475634159849828,"Řekni mámě, aby volila vlastence",These ads ran without a disclaimer,256
193203844428379,Mgr. Lubomír Volný -  Jednotní,These ads ran without a disclaimer,254
551976351670874,Zdeněk Hraba - senátor,Kuba Patrik,254
623521487687579,Alarm,Belicek Jan,254
1033702273421005,Programy do voleb,Štěpán Ryšavý - Programy do voleb,252
138596511403726,Evropa Neasi,Dark Side,252
106792844444026,Petr Brábník - politik,Petr Brábník,251
124596689571,Radio Wave,Kolarova Anna,249
107720537499367,Vladimír Drápal,Vladimír Drápal,249
362029244271239,Protext ČTK,ČTK,245
101835907967540,Pohádky písmene Pé,Pohadky pismene Pe,245
1477502522567102,Expres.cz,These ads ran without a disclaimer,244
146713862010620,Martin Baxa,Martin Baxa,242
168706679163,Ulice,These ads ran without a disclaimer,241
275042429350706,Tomáš Zdechovský,These ads ran without a disclaimer,240
545254525495201,Pravý břeh - Institut Petra Fialy,"Pravý břeh, z.s.",239
517999545027893,IKDP,Institut pro křesťansko-demokratickou politiku,237
120569314674231,Microsoft CZ,These ads ran without a disclaimer,236
535611970260854,Evropa společně,These ads ran without a disclaimer,236
2324431914442679,bez Dodavatele,These ads ran without a disclaimer,235
1442839675962291,Emilie Třísková,Uno Society s.r.o.,234
1489993057961601,Pragotour s.r.o,These ads ran without a disclaimer,230
524782484372112,Like for Pardubice Region,These ads ran without a disclaimer,227
108839520897805,Anna Šabatová,"Zelení, Senátor 21, Idealisté",227
176459739425212,Ivo Grüner,ČSSD,227
1620204154869530,URAN+ péče o zdraví aktivních lidí,These ads ran without a disclaimer,227
193593120669372,Nadační fond proti korupci,Karel Škácha,226
110766473981716,Bruselská dáma,Klimatická koalice,226
321213001604,TOP 09 - Královéhradecký kraj,TOP 09,226
121241337968943,"Koruna Česká - monarchistická strana Čech, Moravy a Slezska",These ads ran without a disclaimer,226
108268154129861,Supercesko.cz,These ads ran without a disclaimer,223
1588021691227567,Rovná odměna,MPSV,222
163186777045684,Česká pirátská strana - Královéhradecký kraj,Verisova Libuse,222
210113642821797,Queer Geography,Queer Geography z.s.,221
297841233673,uLekare.cz,uLekare.cz,218
567229570370422,Eva Decroix,Decroix Eva,218
232764210187279,Otevři oči (official),Otevři oči (official),218
1432139953751418,Josef Středula,Josef Středula,217
1060889564019324,Tomáš Prouza,Moje Evropa,216
1956144064659620,BlueTV,These ads ran without a disclaimer,212
116938576359818,Dalibor Uhlíř - Trikolóra,Dalibor Uhlíř,211
100423195023922,ADK Trading,These ads ran without a disclaimer,211
339052456846258,Treecelet,These ads ran without a disclaimer,210
102055234640947,Zákony zavčas,These ads ran without a disclaimer,209
107747200956355,Petr Kajnar,Česká strana sociálně demokratická,208
1857776044492164,Pulse of Europe - Czech Republic,Pulse of Europe - Czech Republic,208
171976652332,Mladí demokraté,These ads ran without a disclaimer,207
45193974316,Home Credit,These ads ran without a disclaimer,207
577282959139813,Melnicko.cz,Josef Kowanda,205
799083753454179,Voxpot,Vojtěch Boháč,204
1954794938113236,AK Andršová,Petra Andršová,202
110151683793009,XR Rebelové Pardubice,These ads ran without a disclaimer,200
345130612167293,Demagog.CZ,These ads ran without a disclaimer,200
252353085687918,Rozdílové smlouvy,These ads ran without a disclaimer,200
287492714897,TOP 09 - Pardubický kraj,These ads ran without a disclaimer,200
206791046438534,Plant for the Planet - Česká republika,Plant-for-the-Planet Czech Republic Nadace,198
240084269372558,Můžeš,Spolek přátel Konta Bariéry,197
1488605881230760,Jak úspěšně kandidovat v komunálních volbách,Svatopluk Bartík,193
223701741482175,Moravské zemské hnutí,Moravské zemské hnutí,193
100181628028299,Nakladatelství Naštvané matky,These ads ran without a disclaimer,191
718338384898548,Jan Zahradníček,Tomáš Škurek,191
55876739776,Greenpeace Česká republika,These ads ran without a disclaimer,189
659153367523089,Serious Barber shop,These ads ran without a disclaimer,185
565024890311148,Advokátní kancelář Brož & Sokol & Novák,These ads ran without a disclaimer,185
320144481956623,HLAS,HLAS,185
126618627368438,Vojtěch Munzar,ODS- Občanská demokratická strana,184
1097852260312329,Ing. et Ing. Leo Luzar,Luzar Leo,184
120634585355666,LuXembourg - Let's make it happen,These ads ran without a disclaimer,183
527351247377965,European Committee of the Regions,European Committee of the Regions,183
93433992603,Hospodářské noviny,Hospodářské noviny,180
589026071265968,dotaceEU.cz,Ministerstvo pro místní rozvoj,179
105258144421584,Adéla Šípová - senátorka za obvod Kladno,Česká pirátská strana,178
128758673882866,Václav Láska - Právo s Láskou,Senátor 21,178
760800987453842,Piráti Kutná Hora,Česká pirátská strana,176
242824662409940,SDH Radostín,These ads ran without a disclaimer,175
112329648788739,"Někdo má štěstí v lásce, někdo ve hře a někdo v ničem. :-(",These ads ran without a disclaimer,175
110161077470917,Strážci,Evropské hodnoty z.s.,174
437210819674800,Živý kraj,These ads ran without a disclaimer,173
632369483479043,Jan Hrnčíř - SPD,These ads ran without a disclaimer,173
513534848715805,Svoboda a přímá demokracie  Olomoucký kraj - SPD,"JELINEK PAVEL, Ing.",173
1158186927548185,Šárka Jelínková,KDU-ČSL,173
366107457198874,Rise of Kingdoms,These ads ran without a disclaimer,173
386508422184056,"Ing.Alexandr Gegalčij, kandidat-Europarlament, Rozumní&Národní Demokracie",Gegalczij Alexandr,171
443745829377101,SSPD Tomio Okamura,Turek Jan,170
1034382646741170,Mansoor Maitah do Senátu,These ads ran without a disclaimer,170
491085587663987,Fair & Bio Pražírna,Markova Lucie,169
478284705683536,Mgr. Marek Šlapal,Boris Mičánek,169
118502486727614,Otakar Březina,Otakar Březina,169
573964139387685,"Prof. MUDr. Jaroslav Malý, CSc",Jaroslav Malý,168
101484914694453,Bioscop - Filmy v kinech,These ads ran without a disclaimer,167
201535993705342,Radim Sršeň,These ads ran without a disclaimer,166
366846114139594,Vědci pro Českou republiku,These ads ran without a disclaimer,166
278212515809,Kancelář Evropského parlamentu,Egomotion,166
198910890909558,Neplatiči s.r.o,These ads ran without a disclaimer,165
111265737680316,VOLTE online,Volte online s.r.o.,164
512602058940738,Kniha Volba - Jakub Trpiš,These ads ran without a disclaimer,164
652477438231260,Český národní panel,These ads ran without a disclaimer,163
417640701606199,Mgr. Václav Řehoř,Kricfalusi Jiri,161
1642915189188544,Svaz moderní energetiky,Martin Sedlák,161
1777289589007914,Hradecká Drbna,Hradecká Drbna,161
166296824308080,Climate-KIC Czech Republic Hub,These ads ran without a disclaimer,160
195765777641,Mariánský sloup v Praze na Staroměstském náměstí,These ads ran without a disclaimer,160
2016193845077300,"Renáta Zajíčková, starostka Pětky",These ads ran without a disclaimer,160
1958623787693604,Oběti české justice,These ads ran without a disclaimer,159
162620837267478,Jan Bartošek,KDU-ČSL,159
126192198099,Richard Vereš,These ads ran without a disclaimer,158
109155350763664,MCore,These ads ran without a disclaimer,158
152666231599779,Rail Nation,These ads ran without a disclaimer,157
1483237748591093,Festival svobody,These ads ran without a disclaimer,157
516035728771945,Klára Sovová,Klára Sovová,157
103118144427643,Big Rig Racing Game,These ads ran without a disclaimer,157
131404269206,Asistence,Dark Side,155
1263423483821522,Euro v Česku,Vecer Michael Pascal,155
106767797724979,Lepší Sever,Lepší Sever,155
532219183564760,Stanislav Polčák,These ads ran without a disclaimer,154
154380498490215,Jan Palička,Honza Palička,154
337302141482,Marianne,These ads ran without a disclaimer,154
778460319203526,Jaroslav Suchý,Lambert Vojtech,152
120343698070515,Liberální institut,Liberální institut,152
106095148065364,Chromozoom.cz,These ads ran without a disclaimer,152
109921100493390,Spencer,These ads ran without a disclaimer,151
479728625867303,Divadlo RePublika,These ads ran without a disclaimer,151
48262720942,Timmy Trumpet,These ads ran without a disclaimer,150
403006353092651,ČSSD Středočeský kraj,ČSSD Středočeský kraj,149
128577896275,Marek Benda,Hopp Alan,149
109035029115272,Inizio Internet Media s.r.o.,These ads ran without a disclaimer,149
140406832679685,Libor Michálek,These ads ran without a disclaimer,148
109326220438731,Lenka Šimo,Jiří Kuchař,148
1416733788557863,Pravda o vodě a voda lidem,These ads ran without a disclaimer,147
847960851959160,Marketing Makers,Michal Blažek,147
193593120669372,Nadační fond proti korupci,Nadační fond proti korupci,146
294674561247936,Radek Hlaváček,Hlavacek Radek,146
225916474201889,Země na talíři • Hra o klima,"Na mysli, z.ú.",145
966470873363479,MlmJinak.cz,These ads ran without a disclaimer,144
158158938269,Impact Hub Praha,Hub Innovation s.r.o.,143
1706774462887492,Vaše Výživné.cz,"Asociace neúplných rodin, z.s.",143
115642853684175,Děti zpátky do škol,Jan Kříž,143
1823236497984996,"Jiří Ptáček, starosta Prahy 3",Ptacek Jiri,143
1116911338477386,Pro euro,Pro Euro,142
1919743914933613,Revue FORUM,These ads ran without a disclaimer,142
2692083230805240,Ivana Kerlesová,Ivana Kerlesová,141
162088544711333,Politickej podcast,Adam Blišťan,140
460558621177512,Zálohujme.cz,These ads ran without a disclaimer,140
716099648421432,Manboxeo - originální dárky,These ads ran without a disclaimer,140
179781382054443,CMS TV,These ads ran without a disclaimer,139
1417899661810512,Participace 21,Sova Miriam,139
43720460853,České rekordy,Dobrý den,139
325433514795702,Hledání ztraceného smyslu práce,Výsos,138
128588876033,Fakturoid,Jan Korbel,136
113448593730837,Jan Kubásek - finanční & realitní specialista,Jan Kubásek,135
101366774969798,Stínová uhelná komise,Zuzka Vlčková,134
1568527393427836,Česká Krev,These ads ran without a disclaimer,134
110607370770540,Gameparic,These ads ran without a disclaimer,133
1750076908554913,Mladí diplomaté,These ads ran without a disclaimer,131
146955527905,EU Civil Protection & Humanitarian Aid - ECHO,These ads ran without a disclaimer,131
373589366156209,Saxo Bank,These ads ran without a disclaimer,131
219068455300899,Weer.cz,These ads ran without a disclaimer,131
13204463437,"UNHCR, the UN Refugee Agency",These ads ran without a disclaimer,130
1085119841501452,Global Manufacturing & Industrialisation Summit,These ads ran without a disclaimer,130
226207821151572,Marek Novák,These ads ran without a disclaimer,130
557700780951101,"Vojtěch Bednář, sociolog",Bednar Vojtech,130
480305829018059,Badland Brawl,These ads ran without a disclaimer,130
676692975786082,Fun Games For Free,These ads ran without a disclaimer,130
605344673146669,Piráti Česká Třebová,Lainz Jaroslav,130
188990765060204,Forexmag,These ads ran without a disclaimer,130
103430204491217,Robert Šlachta,These ads ran without a disclaimer,129
103118831393004,Vladimír Kořen,Vladimír Kořen,129
118904461524646,Frank Bold,Frank Bold,129
104067154604719,Epoch Times Česko,Velčovský,128
1401321553476901,Jan Farský,Starostové a nezávislí • STAN,127
317802208282505,Alexandr Vondra,These ads ran without a disclaimer,126
264983260329918,Kupředu do minulosti,These ads ran without a disclaimer,124
1349390305148283,SEMTIX.cz,SEMTIX s.r.o.,123
1588021691227567,Rovná odměna,Rovná odměna,123
104963598002320,Pravé spojení pro Plzeňský kraj,Občanská demokratická strana,123
58977252228,ESET,These ads ran without a disclaimer,121
248783538569454,Sdružení místních samospráv České republiky,These ads ran without a disclaimer,119
103490157887634,Lubomír Traub,ODS,119
1674881296142473,Matěj Trávníček,These ads ran without a disclaimer,119
496495500757521,Fridays For Future Česká republika,Fridays For Future Česká republika,119
781692698551514,Ohlasy,Tomáš Trumpeš,118
1675252432766963,David Pokorný - zastupitel města Brna,Soska Marek,118
396502387141833,Michael „Silničář” Pánek,Michael Pánek,118
282608985432209,ČED,Český Energetický Dodavatel,115
178161610228,FSC Česká republika,FSC Česká republika,115
944358442253364,Jihočeský kraj - oficiální,Jihočeský kraj - oficiální,115
1054727164614714,MUDr. Zdeněk Faltus,Zdeněk Faltus,113
156758384361738,Filip Ušák,Starostové a nezávislí • STAN,113
1422630531317584,Zdeněk Fink,Martin Sýkora,113
103099057968722,Hnutí Idealisté,Jan Schneider,113
137301989386,Aktuálně.cz,These ads ran without a disclaimer,113
236188077099716,"Prof. MUDr. Jan Čáp, CSc",Jan Čáp,113
114066180252220,Vysoká Hra,VH Media s.r.o.,112
125035774186918,Vzdělávací instituce MILLS,These ads ran without a disclaimer,111
1456991384393381,ŠTRUNC,These ads ran without a disclaimer,111
133030253410089,Jan Šafařík - náměstek hejtmana,Jan Šafařík,111
49020448604,Nadace Vodafone Česká republika,These ads ran without a disclaimer,111
1704552659784818,LES - Královéhradecký kraj,Liberálně ekologická strana,110
103123001340222,Jiří Hlavenka,Ing. Jiří Hlavenka,110
226565767938752,Ing. Pavel Štohl,Pavel Štohl,110
104439148075323,Katarina fotografka,These ads ran without a disclaimer,110
456482955131810,Lysá nás spojuje,Jan Marek,109
1717379755227552,Platforma pro udržitelný rozvoj a etiku,Platforma pro udržitelný rozvoj a etiku,109
170261140345723,Míša Tejmlová,Tejmlová Michaela,109
295897601001217,Inspirační fórum / Inspiration Forum,Ivo Bystrican,108
215259109014756,"Tax Friends - kế toán, khai thuế, tài chính, EET",These ads ran without a disclaimer,108
203197030603239,8 Billion Trees,These ads ran without a disclaimer,108
1854386314814809,Čtení tě mění,These ads ran without a disclaimer,108
108651840747391,Pirátská strana - Pelhřimovsko,Česká pirátská strana,108
108543394034487,"MUDr Tomáš Tomáš, Ph.D.",KDU-ČSL,107
853336461522097,Kdepracujeme.cz,These ads ran without a disclaimer,107
209788605791373,Heinrich-Böll-Stiftung Prague,"Heinrich-Böll-Stiftung e.V., kancelář v Praze",107
187407575190610,Adam Scheinherr,PRAHA SOBĚ,106
1696541430584339,ODS Pravý hlas pro Olomoucký kraj,Petr Sokol,106
195066580525128,UNICEF Česká republika,These ads ran without a disclaimer,105
1786549211586296,xPartners.com,These ads ran without a disclaimer,105
149945438407451,Svoboda zvířat,These ads ran without a disclaimer,105
413032816112511,SPD Chomutov - Oblastní klub,These ads ran without a disclaimer,105
429941207462676,Testo CZ,These ads ran without a disclaimer,105
827168734063071,PENAM,These ads ran without a disclaimer,105
118742634945921,Bio Central,These ads ran without a disclaimer,104
491511080861389,Bontonfilm,These ads ran without a disclaimer,103
106046725258,Soukromníci  - Strana soukromníků České republiky,These ads ran without a disclaimer,103
685592854803096,Hnutí prázdné židle,Bořek Mezník,102
164024787880257,Adapterra,Nadace Partnerství,102
318031131989977,Zelení Karlovarsko,Zelení,102
522812117770025,Lukáš Lhoťan,Lukáš Lhoťan,102
167226383603,Mladí ladí jazz,Nerudný Fest,102
100910171462133,physiciansformula_cz,These ads ran without a disclaimer,101
224146535014,Mladí občanští demokraté,ODS - Občanská demokratická strana,101
408888496356036,Teva Česko,These ads ran without a disclaimer,≤100
947847402044555,Slušní lidé,These ads ran without a disclaimer,≤100
159731441359190,hnutí spOLečně,hnutí spOLečně,≤100
253540141645481,Fyzika a tvořivá společnost,These ads ran without a disclaimer,≤100
281151012433101,Koraba.cz,Ondřej Koraba,≤100
952005618247538,Martin Červíček,These ads ran without a disclaimer,≤100
638792146279755,Martin Netolický,These ads ran without a disclaimer,≤100
240406516061363,Týden na severu,Týden na severu,≤100
1140962335922981,Estea Dental Practice - MUDr. Jiri Hrabak,Jiří Hrabák,≤100
109636267041675,Capone BarberShop,These ads ran without a disclaimer,≤100
211514832926032,Krasoprostor,These ads ran without a disclaimer,≤100
566716406767894,Senátor Pavel Kárník,Starostové a nezávislí • STAN,≤100
154977838405709,Ondra Veselý,ČSSD,≤100
1681478228766601,Jan Grolich I Hejtman JMK,Pavel Krček,≤100
122348331158908,Piráti Olomoucký kraj,Česká pirátská strana,≤100
91773724160,NEWTON College CZ,These ads ran without a disclaimer,≤100
93433992603,Hospodářské noviny,These ads ran without a disclaimer,≤100
1424132951146965,Mobilní planetárium,Evgeny Prozherin,≤100
112077440518386,natbase.cz,Lenka Zvalová,≤100
846186782220237,PR Akademie pro neziskovky,Věra Ondřichová,≤100
103123001340222,Jiří Hlavenka,These ads ran without a disclaimer,≤100
618778078316151,"Společnost přátel Jeseníků, z.s.",These ads ran without a disclaimer,≤100
101577031963160,Olomoucká Drbna,Olomoucká Drbna,≤100
334596190771946,Očkuji.cz,Lukas Prikner,≤100
1427751750796197,Právní prostor.cz,These ads ran without a disclaimer,≤100
119624098506,Kateřina Konečná,These ads ran without a disclaimer,≤100
177797512857659,srovnám.cz,These ads ran without a disclaimer,≤100
157769174288779,Babyonline.cz,"Babyonline, s.r.o.",≤100
2244726532215982,Senátorský klub - Starostové a nezávislí,These ads ran without a disclaimer,≤100
130038285069,Lékaři bez hranic / Médecins Sans Frontières (MSF),These ads ran without a disclaimer,≤100
103995490966548,Marek Nýč - ze života starosty obce Budčeves,Marek Nýč,≤100
155406703122,Arnika,Arnika,≤100
308240522910962,Lukáš Otys,These ads ran without a disclaimer,≤100
157252641338,OANDA,These ads ran without a disclaimer,≤100
101257121242761,Justiční Servis z. s.,These ads ran without a disclaimer,≤100
119235182810589,Podporujeme Xavera v Radě ČT,Lukáš Vajda,≤100
315785608793015,Marek Šoška I Za českou krajinu,Soska Marek,≤100
115849143300312,Hnutí Příležitost,Dominik Grodl,≤100
1750076908554913,Mladí diplomaté,"Mladí diplomaté, z.s.",≤100
1477535869227488,Vít Rakušan,Starostové a nezávislí • STAN,≤100
145522932180283,Masarykova demokratická akademie,"Masarykova demokratická akademie, z. s.",≤100
1408924926056525,Knihkupectví a antikvariát Spalena53.cz,These ads ran without a disclaimer,≤100
111998407283880,Senátor Ondřej Šimetka,ODS,≤100
302134090396266,Zdeněk Hřib - primátor Prahy,These ads ran without a disclaimer,≤100
125453991470833,SENÁTOR 21,These ads ran without a disclaimer,≤100
110512987369663,streetvintagecz,These ads ran without a disclaimer,≤100
495496033796328,Stanislav Blaha,Stanislav Blaha,≤100
1363680237011254,Project Ascension,These ads ran without a disclaimer,≤100
243686272917389,Remix News & Views,These ads ran without a disclaimer,≤100
1437466399822114,KSHMR,These ads ran without a disclaimer,≤100
206045673805,Deník.cz,These ads ran without a disclaimer,≤100
727173144044824,Svobodné fórum,These ads ran without a disclaimer,≤100
100307671455380,Pražská Drbna,Pražská Drbna,≤100
488308961337250,LS Royal Mariánské Lázně a.s.,These ads ran without a disclaimer,≤100
1573441899601646,Hismile,These ads ran without a disclaimer,≤100
301147597357008,Robin Povšík,ČSSD Středočeský kraj,≤100
104654572907664,E.ON Energy Globe,E.ON Energy Globe,≤100
365669937116335,REF-HAIR.cz,These ads ran without a disclaimer,≤100
453697017993990,Aspen Institute Central Europe,Aspen Institute Central Europe,≤100
101070205320517,NE zisku,Kateřina Konečná,≤100
339810463063059,Conflict Of Nations : World War 3,These ads ran without a disclaimer,≤100
105049920950872,Michael Kašpar,Starostové a nezávislí,≤100
205562445575,Kantar CZ,These ads ran without a disclaimer,≤100
192826397742115,Události Luďka Staňka,These ads ran without a disclaimer,≤100
0,Instagram User 2495960915,These ads ran without a disclaimer,≤100
508092382888750,CONVERSE,These ads ran without a disclaimer,≤100
581395601924343,Jan Čižinský,These ads ran without a disclaimer,≤100
132353247111236,Simona Petrík,These ads ran without a disclaimer,≤100
1432139953751418,Josef Středula,These ads ran without a disclaimer,≤100
133708645096,Línek Roman,These ads ran without a disclaimer,≤100
144709575593854,EESC - European Economic and Social Committee,EESC - European Economic and Social Committee,≤100
174546373212301,Jsme Levice,Jsme Levice,≤100
393037280875657,Europe in my region,These ads ran without a disclaimer,≤100
275606287530,CEMEX,These ads ran without a disclaimer,≤100
770717673001464,Free Czech Media,These ads ran without a disclaimer,≤100
2382747751770099,Občane zaplať,These ads ran without a disclaimer,≤100
340862335989384,Dikobraz,Dikobraz,≤100
286151105540772,Tomáš Janča,Tomáš Janča,≤100
525606624188429,revue Prostor,revue Prostor,≤100
326507470746765,Martin Půta,Starostové pro Liberecký kraj,≤100
101874468044311,Petra Svedíková Vávrová - SPD,Petra Svedíková Vávrová,≤100
125453991470833,SENÁTOR 21,Senátor 21,≤100
1737095113199937,Mama Labels,These ads ran without a disclaimer,≤100
149163751874733,Vít Kaňkovský,Dagmar Hosová,≤100
2307673269493501,Balahura Milan,Balahura Milan,≤100
286877395594642,Zelená fazole,Jan Thorovský,≤100
219326964905229,Týdeník Euro,These ads ran without a disclaimer,≤100
104295211457445,Vyjadřuji Nesouhlas,These ads ran without a disclaimer,≤100
1469427909957890,Reportér magazín,These ads ran without a disclaimer,≤100
407201456420064,Zdeněk Nytra,Zdeněk Nytra,≤100
634509380324330,Live půjčka,These ads ran without a disclaimer,≤100
111038544092780,Občanské hnutí,Pavel Mašek,≤100
317802208282505,Alexandr Vondra,ODS - Občanská demokratická strana,≤100
200461990743973,oblakka,These ads ran without a disclaimer,≤100
104591617584858,Komunismus a síť aneb Konec zastupitelské demokracie,Background Films s.r.o.,≤100
2682263585134273,Petice za klima,Česko za klima z. s.,≤100
222157955200225,Naše Kutná Hora,ODS - Občanská demokratická strana,≤100
255088745405787,Alexandr Hrabálek - primátor města Hradec Králové,Kricfalusi Jiri,≤100
105822804344879,Martin Klika,Miloš Štěpař,≤100
139821922859663,investigace.cz,investigace.cz,≤100
111054693836801,Michal Suk,These ads ran without a disclaimer,≤100
103466734761099,GeekSupplies,These ads ran without a disclaimer,≤100
159935454034044,Pirátská strana - Karlovarský kraj,Česká pirátská strana,≤100
100674998195047,Spolu pro Moravu,TOP 09 - Jihomoravský kraj,≤100
173829189320982,Rozalio z.s.,These ads ran without a disclaimer,≤100
415013742606508,Asiaskop,These ads ran without a disclaimer,≤100
110381917757634,Talking Europe/um,EUROPEUM Institute for European Policy,≤100
2232544680165695,Spolek Spravedlnost,These ads ran without a disclaimer,≤100
173305846086912,Jiří Čunek,KDU-ČSL,≤100
111758600358330,SPOLU PRO KRAJ,"SPOLU PRO KRAJ - Osobnosti kraje, ČSSD a Zelení",≤100
1919696668329015,Refork,These ads ran without a disclaimer,≤100
707016276121429,Michal Seidl a přátelé pro Rokytnici nad Jizerou,Michal Seidl,≤100
106964170770258,Mystická krása Eurasie,Hachran Jan,≤100
193618398034790,Piráti a Starostové - Olomoucký kraj,Česká pirátská strana,≤100
105002754733933,Matěj Gregor,Matěj Gregor,≤100
102704788222885,Národní centrum energetických úspor,"Národní centrum energetických úspor, z.s.",≤100
252574801885347,Plus - pravicově-konzervativní křídlo,These ads ran without a disclaimer,≤100
1568019623470727,Mgr. Jan Klán,Mgr. Jan Klán,≤100
624708137705353,Energie Země,Jiri Hokr,≤100
236488496391722,Forbes Česko,These ads ran without a disclaimer,≤100
361281313901258,Komerční banka,These ads ran without a disclaimer,≤100
109734447174236,Bussines,These ads ran without a disclaimer,≤100
100578768293923,Aliance pro individualizovanou podporu,These ads ran without a disclaimer,≤100
100943821531041,Události z domova a zahraničí,These ads ran without a disclaimer,≤100
1389206027815071,Skylink SK,These ads ran without a disclaimer,≤100
838404932942614,DronPro,These ads ran without a disclaimer,≤100
345130612167293,Demagog.CZ,Demagog.CZ,≤100
106678374343331,Trikolóra Ústecký kraj,Trikolóra,≤100
1878320149136407,Rise of Empires: Ice and Fire,These ads ran without a disclaimer,≤100
242696609485079,War and Magic,These ads ran without a disclaimer,≤100
117260732993275,Válka. Válka se nikdy nemění.,These ads ran without a disclaimer,≤100
341687099333685,Byznys pro společnost,Byznys pro společnost,≤100
265421693630349,Spolek Pejskařů,These ads ran without a disclaimer,≤100
169358680658802,Robin Šín - městský zastupitel ve Stříbře,These ads ran without a disclaimer,≤100
354923028421777,Petr Hromádko - Finance a Reality,These ads ran without a disclaimer,≤100
190898314385307,ČOSIV - Česká odborná společnost pro inkluzivní vzdělávání,Anna Kubíčková,≤100
273367223021327,Veronika Vrecionová,ODS - Občanská demokratická strana,≤100
2037399133257293,PROČesko,Kňava Radek,≤100
2236224053358438,Milion chvilek pro demokracii Kuřim,Jelinek Karel,≤100
199064530104466,Hodina Země ČR,ZO ČSOP Veronica,≤100
115195153206,SuperStar,These ads ran without a disclaimer,≤100
111441163903937,SIRDO,Vladimír Kremlík,≤100
1946199718979407,Volební průzkum,Oto Válek,≤100
221341697997826,Erika Fashion,These ads ran without a disclaimer,≤100
451559688980243,Národní zachování,Peter Simon Malček,≤100
250361215678222,YOU.and.EU,Simbartlova Anna,≤100
246233488784802,Vína z Moravy a vína z Čech,These ads ran without a disclaimer,≤100
618778078316151,"Společnost přátel Jeseníků, z.s.",Lucia Uhrová,≤100
114066180252220,Vysoká Hra,Denisa Kotková,≤100
1439143123070953,Svoboda a přímá demokracie  Liberecký kraj - SPD,These ads ran without a disclaimer,≤100
632369483479043,Jan Hrnčíř - SPD,Hrnčíř Jan,≤100
188772471270887,"ANO, tohle je Praha",Hnutí ANO Praha,≤100
51832713011,Kateřina Jacques,These ads ran without a disclaimer,≤100
233440870590457,PRO Plzeň,STAN,≤100
108596070875819,Monika Klapková,ODS s podporou TOP09,≤100
154977838405709,Ondra Veselý,These ads ran without a disclaimer,≤100
457813395038517,Trader Magazine,These ads ran without a disclaimer,≤100
825350200914537,Britské listy,These ads ran without a disclaimer,≤100
211760652195532,Mladí sociální demokraté,"Mladí sociální demokraté, z. s.",≤100
160913163927726,Vůně knih,These ads ran without a disclaimer,≤100
577282959139813,Melnicko.cz,These ads ran without a disclaimer,≤100
1575409859416376,Roman Hanák,ČSSD,≤100
109019310623987,Michal Berg • Zelení,Berg Michal,≤100
2108659169383946,František Talíř,These ads ran without a disclaimer,≤100
384187235387895,Alena Schillerová,These ads ran without a disclaimer,≤100
581395601924343,Jan Čižinský,PRAHA SOBĚ,≤100
157741540937883,CARE Česká republika,Care Česká republika,≤100
149177838467059,Klinika estetické medicíny Petra Clinic,Tomáš Řehořek,≤100
295305696797,Centrum pro lidská práva a demokracii,These ads ran without a disclaimer,≤100
381665855219339,Aliance pro energetickou soběstačnost,Martin Sedlák,≤100
112696650094354,Marcel Sikora,Sikora Marcel,≤100
877641865619216,Epochaplus,These ads ran without a disclaimer,≤100
1961668060768605,Petr Bajer - politik,These ads ran without a disclaimer,≤100
102833714748878,František Hasoň - Blansko,These ads ran without a disclaimer,≤100
819578134738979,ODS Praha 22,Martin Langmajer,≤100
294080887742964,Zvičina TV,Kralovedvorsko.cz - Vaše brána do Dvora,≤100
152513005455578,Ondřej Biravský - osobní realitní makléř Brno,Ondřej Biravský,≤100
151186236115,Týden vědy a techniky AV ČR,Týden vědy a techniky AV ČR,≤100
113755299053,MUDr. Gabriela Pecková - TOP 09,Cernik Vit,≤100
196138910406401,Democrats Abroad Czech Republic,Democrats Abroad Czech Republic,≤100
280553792042816,KSČM Praha,KV KSČM Praha,≤100
115782006928837,Naše Ústecko,VH Media s.r.o.,≤100
108724109221396,SUEZ Česká republika,These ads ran without a disclaimer,≤100
397919187215,Evropská komise v ČR,These ads ran without a disclaimer,≤100
117035403470404,Názory politiků,These ads ran without a disclaimer,≤100
413173132072501,Hledáme rodiče: Pěstouny,Hledáme rodiče,≤100
254814835091677,"Petr Venhoda, poslanec ČR",Petr Venhoda,≤100
217861105417067,"Finanční poradce Jiří Bičák, DiS.",Jiří Bičák,≤100
109971530524897,Týdeník Hrot,These ads ran without a disclaimer,≤100
445158312161575,StartupJobs,StartupJobs,≤100
307710452690539,Starostové a nezávislí - Jihomoravský kraj,Starostové a nezávislí • STAN,≤100
1596683320630282,Samosebou.cz,These ads ran without a disclaimer,≤100
2399205093469033,Irish Tax Agency,These ads ran without a disclaimer,≤100
1038788056199751,Ober do Senátu,These ads ran without a disclaimer,≤100
338661233715007,Zprávy z Moravy,Zprávy z Moravy,≤100
128588876033,Fakturoid,These ads ran without a disclaimer,≤100
112503423634725,Josef Bazala,Miroslav Hanus,≤100
126060760828576,24Bottles,These ads ran without a disclaimer,≤100
148097975226385,Party of European Socialists,Party of European Socialists,≤100
1972290063044633,Televizeseznam.cz,These ads ran without a disclaimer,≤100
351365901647856,Reima,These ads ran without a disclaimer,≤100
315091261935185,ASKO NÁBYTEK,These ads ran without a disclaimer,≤100
124877160859606,Biehler Cycling,These ads ran without a disclaimer,≤100
120461304659141,O2 CZ,These ads ran without a disclaimer,≤100
618140785202014,Refurbished by techsavers CZ,These ads ran without a disclaimer,≤100
371007236328043,Časopis Přítomnost,These ads ran without a disclaimer,≤100
111967816946329,Denisa Řezníčková ODS,Denisa Řezníčková,≤100
1346396882149028,Pivovar Samson a.s.,These ads ran without a disclaimer,≤100
1921117251316817,Pochop.me,Pochop.me,≤100
571390352979039,Stop zónám,These ads ran without a disclaimer,≤100
105333609496155,Listy,Nakladatelství Burian a Tichák,≤100
337037866397238,Horeka,These ads ran without a disclaimer,≤100
101524701601093,Lucie Groene Odkolek,Lucie Groene Odkolek,≤100
571338743346747,Respo Life,These ads ran without a disclaimer,≤100
594767370610812,Marek Doležal - Praha 9,Roman Drnovec,≤100
56274514407,Hello Sandy,These ads ran without a disclaimer,≤100
116900026414486,Trikolóra České Budějovice,Tomáš Šimek,≤100
74230288824,ÓČKO,These ads ran without a disclaimer,≤100
552644878263416,Ekonomický magazín,These ads ran without a disclaimer,≤100
1220066088147062,Ondřej Krutílek,Ondřej Krutílek,≤100
106707751913,Studenta.cz,"Economia, a.s.",≤100
2156599824411421,"Vojtěch Kos, místostarosta Prahy 12",Vojtěch Kos,≤100
211638332512206,Petr Kutílek,Zelení - Strana zelených,≤100
333647410158053,KOMIX,KOMIX s.r.o.,≤100
100463861565327,Bohuslav Chalupa - Váš kandidát do Senátu Parlamentu České republiky,Bohuslav Chalupa,≤100
102133468221051,Letos pod STAN,STAN,≤100
571988102865420,Marbes,Marbes,≤100
1785288798420655,Jarolím Jan,These ads ran without a disclaimer,≤100
106536077622087,Brutar  Assfalt,These ads ran without a disclaimer,≤100
1710982979127787,Klimageddon,Ivo Bystrican,≤100
108342850697974,Hejtman Josef Suchánek,Česká pirátská strana,≤100
104262378183097,HorníKomora.cz,Lukas Prikner,≤100
109518600578608,famyfakta.cz,These ads ran without a disclaimer,≤100
102636664700472,Praha čistá a průjezdná,Svencom,≤100
1823070624574265,Dobrý prezident,These ads ran without a disclaimer,≤100
706477529488763,Paramount Network,These ads ran without a disclaimer,≤100
1624542154525628,Vítězslav Novák,Vítězslav Novák,≤100
106767797724979,Lepší Sever,Vít Nešpor,≤100
1679933578972328,Obnovitelně.cz,Obnovitelně.cz,≤100
973497159360061,Petr Hampl,These ads ran without a disclaimer,≤100
162569443836560,Diakonie Litoměřice,These ads ran without a disclaimer,≤100
101937231589371,Čestmír Bouda,Čestmír Bouda,≤100
100823708556691,Xaver Live,XTV,≤100
144323658988241,ZO KSČM Rychvald,Vladimír Tvardek,≤100
102833714748878,František Hasoň - Blansko,Markéta Štěrbová,≤100
673034529393168,Účetní Portál,Účetní Portál,≤100
137840073155,Asociace pro mezinárodní otázky/Association for International Affairs,Asociace pro mezinárodní otázky/Association for International Affairs,≤100
100704661338419,4-Ukradená: Radnice proti občanům,These ads ran without a disclaimer,≤100
103068351300691,Eduard Stehlík,Eduard Stehlík,≤100
103980371377896,Karel Deutscher,These ads ran without a disclaimer,≤100
479728625867303,Divadlo RePublika,Jan Julínek,≤100
104119094259687,Tomáš Balvín Trikolóra Praha 2,Tomáš Balvín,≤100
339285370015532,Černobyl ЗАРАЗ,These ads ran without a disclaimer,≤100
100143848216738,myshinybaby,These ads ran without a disclaimer,≤100
103123001340222,Jiří Hlavenka,"Jiří Hlavenka, radní Jihomoravského kraje",≤100
264983260329918,Kupředu do minulosti,Kupředu do minulosti s.r.o.,≤100
113797536664479,Trà Tiêu Trĩ +,These ads ran without a disclaimer,≤100
1426609904321457,KSČM - okresní výbor Náchod,These ads ran without a disclaimer,≤100
100411331619612,Čínský virus bez cenzury: Info a tipy,Velčovský,≤100
549762515189935,Lucie Šafránková - SPD,These ads ran without a disclaimer,≤100
1679933578972328,Obnovitelně.cz,These ads ran without a disclaimer,≤100
114925656814363,Music Daily,These ads ran without a disclaimer,≤100
106467504379023,Igor Karen,Jakub Galuška,≤100
863132847189517,Гражданство ЕС - Aristipp,These ads ran without a disclaimer,≤100
140716706608231,Left To Survive,These ads ran without a disclaimer,≤100
100453155075002,Martiin,These ads ran without a disclaimer,≤100
793343804090264,Astana Economic Forum,These ads ran without a disclaimer,≤100
1836365373266980,Cooking Diary,These ads ran without a disclaimer,≤100
552829048250457,vLesku,These ads ran without a disclaimer,≤100
100296704772989,Wildlife Mission,These ads ran without a disclaimer,≤100
154879353800,HBO CZSK,These ads ran without a disclaimer,≤100
115366836686423,RegrowAustralia,These ads ran without a disclaimer,≤100
378953872853363,Lega nel Mondo - Rep. Ceca & Slovacchia,Miroslav Rus,≤100
1725644410980938,Vstupte Bez Klepání,These ads ran without a disclaimer,≤100
1756003337990601,Cesta odpovědné společnosti,CESTA ODPOVĚDNÉ SPOLEČNOSTI,≤100
102998118239367,Anti-Covid- 20,Václav Havlíček,≤100
132718927422795,Michal Ratiborský,These ads ran without a disclaimer,≤100
104104028028175,Antonín Prachař,Antonín Prachař,≤100
173387086117403,ODS Královéhradecký kraj,ODS Královéhradecký kraj,≤100
384106345722819,Plzeňská Drbna,Plzeňská Drbna,≤100
106682837877925,Goldstein,Karel Fošumpaur,≤100
996425677137319,Giving Tuesday Česko,Asociace společenské odpovědnosti,≤100
396502387141833,Michael „Silničář” Pánek,These ads ran without a disclaimer,≤100
105410686588,Česká pirátská strana - Jihomoravský kraj,Česká pirátská strana,≤100
111743260751909,Kolekce-havel.cz,These ads ran without a disclaimer,≤100
1707630426218896,Martin Herman,Martin Herman,≤100
102057048156517,Centrum pro dopravu a energetiku,"Centrum pro dopravu a energetiku, z.s.",≤100
469612116404009,Enmag.cz,These ads ran without a disclaimer,≤100
655939911471259,Nezávislí Piráti Polička,These ads ran without a disclaimer,≤100
2033142076754204,Rizikovedluhopisy.cz,These ads ran without a disclaimer,≤100
100576191394050,Protiteritorialitě,Lukáš Jícha,≤100
1526644670947765,Q PARTY,These ads ran without a disclaimer,≤100
109213187226618,Jiří Nantl - náměstek hejtmana Jihomoravského kraje,Jiří Nantl,≤100
1201085733241671,Café Evropa,These ads ran without a disclaimer,≤100
1199083776860090,Strana nezávislosti České republiky,These ads ran without a disclaimer,≤100
1116911338477386,Pro euro,These ads ran without a disclaimer,≤100
1512133609011110,NAŠE MĚSTO F-M,NAŠE MĚSTO F-M,≤100
977270829117287,Kandiduju.cz,Mladí občané,≤100
115782006928837,Naše Ústecko,Denisa Kotková,≤100
104608564296964,Xương Khớp Ông Bảo,These ads ran without a disclaimer,≤100
2077179225867461,Změna 2018 Žďár nad Sázavou,Havlik Jan,≤100
211180032378232,Drbna,These ads ran without a disclaimer,≤100
109019647609953,Tarifobot,These ads ran without a disclaimer,≤100
213791518974717,SPD  - Příbramsko,These ads ran without a disclaimer,≤100
587682004653785,Česká pirátská strana - Praha,Česká pirátská strana - Praha,≤100
152345215149659,Pavel Staněk,Barbora Březovská,≤100
342077753088187,Zdeněk Šarapatka,These ads ran without a disclaimer,≤100
167896570032192,Parker & Hill,Tetragrammaton a.s.,≤100
1681478228766601,Jan Grolich I Hejtman JMK,Jan Grolich,≤100
979772855384056,Milano Style,These ads ran without a disclaimer,≤100
1541504502816894,Daniel Pitek - sedlák pod Milešovkou,SENÁTOR 21,≤100
286541528171247,Lukáš Hanes,Hanes Lukas,≤100
284251872155669,CzechTrade,These ads ran without a disclaimer,≤100
169946526003,Nadace Partnerství,Nadace Partnerství,≤100
1162497600524566,Volby17,"Dobryprezident.cz, a.s.",≤100
1317745511659715,Michaela Blahová,Miroslav Hanus,≤100
139656002744298,Top 09 Milevsko,Martin Procházka,≤100
105524817605255,Trikolóra Nový Jičín,Marek Balluch,≤100
106467504379023,Igor Karen,Tom Melč,≤100
103855997827256,Muzeum paměti XX. století,Muzeum paměti XX. století,≤100
409573465905985,graseko,These ads ran without a disclaimer,≤100
100915958249510,"Co Čech, to trenér",These ads ran without a disclaimer,≤100
219246264817253,"Dopravní vzdělávací institut, a.s.",These ads ran without a disclaimer,≤100
405910949466894,Pride Business Forum,Pride Business Forum,≤100
105891674276280,p.o.k.y,These ads ran without a disclaimer,≤100
1105446152874328,Chaukiss,These ads ran without a disclaimer,≤100
196885880952,"euRABIA - Islám dobývá Evropu, Eurabia.cz ji brání",Lukáš Lhoťan,≤100
609246842426009,Rekonstrukce státu,These ads ran without a disclaimer,≤100
286933094658266,JÁDU,jádu-Magazin,≤100
259698768027121,Extinction Rebellion Česká republika,Václav Opatřil,≤100
530920620372541,Tuklavous,Petr Horký,≤100
249673565112829,Garanční systém finančního trhu - GSFT,Vráťa Klega,≤100
327462941237911,Pignus,These ads ran without a disclaimer,≤100
109857787447415,Anil Chaturvedi,These ads ran without a disclaimer,≤100
464711997433868,Norbert Hlaváček - pravicový politik,These ads ran without a disclaimer,≤100
559924231130371,Filip Smoljak,Filip Smoljak,≤100
199064530104466,Hodina Země ČR,These ads ran without a disclaimer,≤100
413476830191,Prague Security Studies Institute,These ads ran without a disclaimer,≤100
342123489585393,Egomotion,Sklenar Jan,≤100
257353885123126,Prima COOL Feed,Prima COOL Feed,≤100
593956390614606,Fakulta tropického zemědělství ČZU v Praze,Jan Staš,≤100
566910516721103,Jaroslava Pokorná Jermanová,Arrivals Prague,≤100
505671766175138,NIGHT RUN,These ads ran without a disclaimer,≤100
1387733661468758,Martina Dlabajová,Martina Dlabajova,≤100
133508726699512,Finmag,These ads ran without a disclaimer,≤100
1969634313349424,Pirátský obchod,Pirátský Obchod,≤100
161863040553332,Zoner Press,Miroslav Kučera,≤100
1455651634724323,ZOD Žichlínek,These ads ran without a disclaimer,≤100
229294384295513,"Přemysl Rabas, senátor",Premysl Rabas,≤100
288578045399442,Czechsight,These ads ran without a disclaimer,≤100
100538401615496,Zdeňka Dvořáková Kocourková,Česká pirátská strana,≤100
119283008140727,Pela Case,These ads ran without a disclaimer,≤100
223701741482175,Moravské zemské hnutí,These ads ran without a disclaimer,≤100
223117541065037,Karel Janeček,Karel Janeček,≤100
1316309538421971,Petr Soudek - zastupitel města Kladno,Petr Soudek,≤100
188083527899545,Protectu - V nejlepších rukou,These ads ran without a disclaimer,≤100
1777952132237071,Slované v obrazech a poezii / Slavs in pictures and poetry,Hachran Jan,≤100
103175028084358,Divoký Pes,Hrubon Rudolf,≤100
493164074038302,SYNLAB Czech,These ads ran without a disclaimer,≤100
467319187383023,EcoBrand,These ads ran without a disclaimer,≤100
490930117644709,Lubomír Zaorálek,These ads ran without a disclaimer,≤100
1628536264127108,YOGA STORE,These ads ran without a disclaimer,≤100
388373825336893,Pascal pro €uro,Vecer Michael Pascal,≤100
100576191394050,Protiteritorialitě,These ads ran without a disclaimer,≤100
786579091515979,ODS Znojmo,Karel Podzimek,≤100
451033721772549,Artinii,These ads ran without a disclaimer,≤100
517999545027893,IKDP,These ads ran without a disclaimer,≤100
382745889213194,Roman Kriz,These ads ran without a disclaimer,≤100
2150140485202034,Verracos,These ads ran without a disclaimer,≤100
1797185020366096,Scale,Scale,≤100
50309511751,Český rozhlas - Radiožurnál,These ads ran without a disclaimer,≤100
734245463275245,Store Invent s.r.o,Jakub Tvardek,≤100
125926087428096,TIERRA VERDE s. r. o.,These ads ran without a disclaimer,≤100
144757907165089,Dluhy nejsou TABU,Jana Barabášová,≤100
596195563736557,Zepter International ČR,These ads ran without a disclaimer,≤100
267806570729225,Národní Noviny,These ads ran without a disclaimer,≤100
100181628028299,Nakladatelství Naštvané matky,Eva Hrindová,≤100
113690270465994,Druhý domov,Marta Martináková,≤100
2923620274344633,Jana Spekhorstová,These ads ran without a disclaimer,≤100
70247313242,SNBM,These ads ran without a disclaimer,≤100
116206531782887,Wise,These ads ran without a disclaimer,≤100
191926184619815,Inciativa Zachraňme malé podnikání v ČR,Michal Čáp,≤100
1929264944048757,HolkyzMarketingu,These ads ran without a disclaimer,≤100
261589920999513,Jiří Mihola - poslanec,KDU-ČSL,≤100
176280904732,ČSSD Vysočina,ČSSD VYSOČINA,≤100
1399200400308822,Martin Cibulka,Cibulka Martin,≤100
2547392978818636,Finance pod Lupou Matouš Téra a partneři,These ads ran without a disclaimer,≤100
627797757408373,Rock Spring CZ,These ads ran without a disclaimer,≤100
104087291057753,Pavel Vacek,Stepanek Arnost,≤100
571165316730867,David Smoljak,STAN,≤100
503333556470978,Institut Václava Klause,These ads ran without a disclaimer,≤100
1000642623312976,Hráč v hlavě?,Martin Hubrt,≤100
87481778254,Morphsuits,These ads ran without a disclaimer,≤100
358414111018982,MČR v mažoretkovém sportu,These ads ran without a disclaimer,≤100
284969294880824,Diakonie ČCE - Humanitární středisko,"Diakonie ČCE, Středisko humanitární a rozvojové spolupráce",≤100
168384613213781,BiOOO.cz,These ads ran without a disclaimer,≤100
300392730826374,Creative Crafts,These ads ran without a disclaimer,≤100
101336834920723,mirek_myo,These ads ran without a disclaimer,≤100
189869368286158,Martin Kukla,Martin Kukla,≤100
107279251113736,ODA Středočeský kraj,Občanská demokratická aliance,≤100
1953958664821128,Piráti Hradec Králové,Česká pirátská strana,≤100
110999310668887,Marian_for_president,These ads ran without a disclaimer,≤100
701293073580805,Pražský hrad - Kancelář prezidenta republiky,Vít Novák,≤100
124596689571,Radio Wave,These ads ran without a disclaimer,≤100
115642853684175,Děti zpátky do škol,These ads ran without a disclaimer,≤100
145844610282,Institute of International Relations Prague / Ústav mezinárodních vztahů,Institute of International Relations Prague / Ústav mezinárodních vztahů,≤100
697688650595608,SPD Česká Třebová,These ads ran without a disclaimer,≤100
106035720880994,Asociace chytrých měst,Pavel Karda,≤100
1250941734927783,Minutový řečník,These ads ran without a disclaimer,≤100
105266771277779,Iva Horká - kandidátka do Sněmovny,Nezávislá kandidátka,≤100
106785184177769,Mikuláš Minář,These ads ran without a disclaimer,≤100
1663247417335831,Srostlí s krajem Moravskoslezským,KDU-ČSL,≤100
1641689092586875,Na-Rovinu.cz - ekonom a bloger Filip Červenka,Cervenka Filip,≤100
104517784280261,Jiří Kadeřávek - zakladatel Pirátů,Jiří Kadeřávek,≤100
94647459583,Sousedé.cz,These ads ran without a disclaimer,≤100
112231066839301,Organikk,These ads ran without a disclaimer,≤100
695166260493540,Smajlíkov,Martin Bukvic,≤100
896486153741991,David Bartas,Bartas David,≤100
266534233905661,Svejdos.cz,Adam Švejda,≤100
826770654024196,Vadim Petrov,These ads ran without a disclaimer,≤100
100406004667517,Punt Guns,These ads ran without a disclaimer,≤100
410783562750185,Společný cíl,These ads ran without a disclaimer,≤100
1387733661468758,Martina Dlabajová,These ads ran without a disclaimer,≤100
332018473557072,ODS Kolín,These ads ran without a disclaimer,≤100
154765748514751,Radek Koten SPD,These ads ran without a disclaimer,≤100
103099057968722,Hnutí Idealisté,These ads ran without a disclaimer,≤100
227416910669250,Komora daňových poradců ČR,These ads ran without a disclaimer,≤100
473532103177566,Dovážíme z outletu,These ads ran without a disclaimer,≤100
1701636080158024,Můj prezident,"Dobryprezident.cz, a.s.",≤100
115573093213607,Trikolóra hnutí občanů Rožnov pod Radhoštěm,Radim Červenka,≤100
351615931987931,MAP vzdělávání na Rychnovsku,These ads ran without a disclaimer,≤100
101426004664997,laboremmacollection,These ads ran without a disclaimer,≤100
1533230256924257,Etergo,These ads ran without a disclaimer,≤100
90594467955,Česká spořitelna,These ads ran without a disclaimer,≤100
1094710717362508,Hyundai.Lifestyle,These ads ran without a disclaimer,≤100
1424579967840864,European Court of Auditors,These ads ran without a disclaimer,≤100
103100691680479,Bubu. I muži mají děti.,Ondřej Němeček,≤100
494377167258444,Šimon Heller,KDU-ČSL,≤100
141973182543379,"Lázně Luhačovice, a.s.",These ads ran without a disclaimer,≤100
109056560836,iFortuna.cz,These ads ran without a disclaimer,≤100
919232861444360,European Youth Event,These ads ran without a disclaimer,≤100
108217120986234,King Of Clothes,These ads ran without a disclaimer,≤100
110752262946048,Crypterium,These ads ran without a disclaimer,≤100
405910949466894,Pride Business Forum,These ads ran without a disclaimer,≤100
107477384292520,Občanský spolek HON,These ads ran without a disclaimer,≤100
764881470202582,Eddy G,These ads ran without a disclaimer,≤100
101730838422101,Za Sazku,These ads ran without a disclaimer,≤100
101811863213398,Forum 2000,These ads ran without a disclaimer,≤100
154481054607727,Naranjas del Carmen - naranjasdelcarmen.com,These ads ran without a disclaimer,≤100
1875212372790619,Šťastné pondělí Jindřicha Šídla,These ads ran without a disclaimer,≤100
1424938757739868,Civil Liberties Union for Europe,These ads ran without a disclaimer,≤100
1451919131793490,Nokian Tyres,These ads ran without a disclaimer,≤100
483059085569474,Jaromír Soukup,These ads ran without a disclaimer,≤100
118472509543987,The Crossroad News,These ads ran without a disclaimer,≤100
974139189370196,GymBeam,These ads ran without a disclaimer,≤100
357321458227618,"Zuzana Ujhelyiová, radní pro školství Prahy 11",These ads ran without a disclaimer,≤100
103319941392063,Od roku 2020 ani semínko řepky na biopaliva do země,Václav Zvěřina,≤100
1163054423718225,Tribunal - esports bar,These ads ran without a disclaimer,≤100
380312885768304,Piráti Praha 14,Piráti praha 14,≤100
560033694072859,Pěvecký sbor Kvítek,These ads ran without a disclaimer,≤100
123800669187640,Tereza Hyťhová - Trikolóra,Tereza Hyťhová,≤100
543820122428341,Matouš Vencálek • Zelení,Matouš Vencálek,≤100
112784160094255,Klimatická univerzita Pelhřimov,Karel Kratochvíl,≤100
219442444736205,Budějcká Drbna,Budějcká Drbna,≤100
662196877287140,Tomáš Třetina,"Společně pro Znojemsko – TOP 09, ODS, Starostové a nezávislí s podporou KDU-ČSL a hnutí Hlas",≤100
202646033136759,Britské velvyslanectví v Praze - British Embassy Prague,Foreign and Commonwealth Office,≤100
177244512835269,Za českou krajinu bez řepky,Martinek Ondrej,≤100
284944781875,EURACTIV.cz,EURACTIV.cz,≤100
109167344156610,Bez ANO,Petr Praus,≤100
1553228611596899,Alena Gajdůšková,Novak Jan,≤100
40583438943,NESEHNUTÍ,These ads ran without a disclaimer,≤100
336726593072036,Xaver,These ads ran without a disclaimer,≤100
1639397222978662,Vasky,These ads ran without a disclaimer,≤100
427044570759070,Dagmar Švendová,These ads ran without a disclaimer,≤100
113528310021484,Šimon Pánek,These ads ran without a disclaimer,≤100
589242584498133,Naše Poděbrady,Miroslav Káninský,≤100
139437984514,Nesnášíme konec prázdnin!!,These ads ran without a disclaimer,≤100
391802147876228,HB Kresby,These ads ran without a disclaimer,≤100
160373120804654,OneHotBook,These ads ran without a disclaimer,≤100
1439806272916856,Blaire.cz,These ads ran without a disclaimer,≤100
353821314687878,Ondřej Benešík,Miroslav Hanus,≤100
1648521282065532,ANTI Sharia,These ads ran without a disclaimer,≤100
197466333678437,DSSS - Dělnická strana sociální spravedlnosti,Tomáš Vandas,≤100
236486863149324,František Kopřiva,František Kopřiva,≤100
346744005435414,Petr Polášek Artist,These ads ran without a disclaimer,≤100
114658576838033,Fotbal na jedné lodi,Petr Blažej,≤100
168844286060,Martin Haushalter - Photographer,These ads ran without a disclaimer,≤100
112061433530711,BEandy tattoo,These ads ran without a disclaimer,≤100
1449818335326549,Československo-kurdská solidarita / Czechoslovak-Kurdish Solidarity,These ads ran without a disclaimer,≤100
118358546218030,Ladislav Hynek,ČSSD,≤100
95982299467,Bezpečnostní centrum Evropské hodnoty,Bezpečnostní centrum Evropské hodnoty,≤100
0,Instagram User 3566368327,These ads ran without a disclaimer,≤100
713035458857558,Unica Clinic,These ads ran without a disclaimer,≤100
799083753454179,Voxpot,These ads ran without a disclaimer,≤100
339876909872723,glo,Media:list,≤100
101105041451031,monishta,These ads ran without a disclaimer,≤100
847822851990789,Kateřina Ambrožová Srncová,Ambrozova Srncova Katerina,≤100
159731441359190,hnutí spOLečně,These ads ran without a disclaimer,≤100
1040487469355385,TripActions,These ads ran without a disclaimer,≤100
110362730720321,Look,These ads ran without a disclaimer,≤100
1443742905864726,Zbyněk Linhart - Krásná Lípa,These ads ran without a disclaimer,≤100
202112900392412,2018+ Olomouc,Vladislav Raclavský,≤100
281904555771607,Gool Gadgets Go,These ads ran without a disclaimer,≤100
298043743589859,Omaze,These ads ran without a disclaimer,≤100
180308743448,igloonet,These ads ran without a disclaimer,≤100
58887737763,Hnutí DUHA - Přátelé Země Česká republika,These ads ran without a disclaimer,≤100
216991061646631,ZoomSphere,These ads ran without a disclaimer,≤100
1862600943974334,Frey Consulting,"Frey Consulting,s.r.o.",≤100
1095114177216463,Jan Holásek - senátor za Hradecko,These ads ran without a disclaimer,≤100
1673449699385554,Mattoni 1873,These ads ran without a disclaimer,≤100
578980819458498,Блогът на Бого,Bogomil Shopov,≤100
316002512431444,Tech@Facebook,These ads ran without a disclaimer,≤100
469371763250900,SPEA Olomouc - poliklinika s lékárnou,These ads ran without a disclaimer,≤100
115402429919142,Medical Bob,These ads ran without a disclaimer,≤100
916132471761586,Elegantní Česko,These ads ran without a disclaimer,≤100
1112789675468238,LICIT,These ads ran without a disclaimer,≤100
338109312883186,China Xinhua News,These ads ran without a disclaimer,≤100
312567513172,Tufina Watches,These ads ran without a disclaimer,≤100
210728265693765,FoRS,Eliška Šertlerová,≤100
282302426049071,8000 důvodů,These ads ran without a disclaimer,≤100
182073298490036,Gaia,These ads ran without a disclaimer,≤100
67014122312,U.S. Mission to NATO,These ads ran without a disclaimer,≤100
762425730781895,World of Kings,These ads ran without a disclaimer,≤100
535297210316840,Earthkarma cz,These ads ran without a disclaimer,≤100
285756188151811,Johoho,These ads ran without a disclaimer,≤100
627514770691698,Realitní Shaker Investování do nemovitostí,These ads ran without a disclaimer,≤100
415604782569895,Daystechar,These ads ran without a disclaimer,≤100
104339074409560,Trikolóra Olomoucký kraj,Aleš Hrubý,≤100
105460144379732,USR Diaspora - Cehia,These ads ran without a disclaimer,≤100
215661292342258,Praha - město pro život,Arnika,≤100
313153269380891,"Bc. Robert Vašíček - Čech, táta a vlastenec",These ads ran without a disclaimer,≤100
615866921869760,Lovec Hlav,Lovec Hlav,≤100
874626852558651,O2 TV,These ads ran without a disclaimer,≤100
50546026668,Eda Kožušník,These ads ran without a disclaimer,≤100
311589326158964,Veronika Luňáková,These ads ran without a disclaimer,≤100
1095114177216463,Jan Holásek - senátor za Hradecko,"JUDr. Jan Holásek, LL.M.",≤100
114665696891063,WHAAAT mag,Orkimedia s.r.o.,≤100
284487551944247,ODS Nový Bydžov,Kricfalusi Jiri,≤100
333028887493771,Aneta Heřmanová,ČSSD Středočeský kraj,≤100
2030775723849918,HLAS LIDU,These ads ran without a disclaimer,≤100
106149624597497,Manifest.cz,These ads ran without a disclaimer,≤100
438022243313444,Nakladatelství Pulchra,These ads ran without a disclaimer,≤100
2297075120544646,Spojenci pro kraj,JsmePRO! (Spojenci pro kraj),≤100
1510729615917255,Institut aktivního občanství,These ads ran without a disclaimer,≤100
2030775723849918,HLAS LIDU,Pavel Klanica,≤100
125692943322,EKOFILM,These ads ran without a disclaimer,≤100
1823236497984996,"Jiří Ptáček, starosta Prahy 3",These ads ran without a disclaimer,≤100
435237393688140,"Vlastibor Čermák, kandidát SPD do EP 2019",Chodzajan Akop,≤100
461340680584235,Mladí lidovci,These ads ran without a disclaimer,≤100
142307072590412,Zachraň jídlo,Zachraň jídlo,≤100
1761849450500677,SPD Teplice - Oblastní klub,These ads ran without a disclaimer,≤100
288379354605708,Nakladatelství LEDA,These ads ran without a disclaimer,≤100
693610464415558,Karlovarská Drbna,Karlovarská Drbna,≤100
125830487980906,Solární asociace,These ads ran without a disclaimer,≤100
678632908895748,Žít v Trutnově,Žít v Trutnově,≤100
400190494167816,Kapka Moře,Kapka Moře s.r.o.,≤100
112324300308825,Fitness trenér - Jakub Šedivý,These ads ran without a disclaimer,≤100
1094454530733590,KLDR živě: Za 38. rovnoběžkou,These ads ran without a disclaimer,≤100
906517746050754,Improovio,These ads ran without a disclaimer,≤100
210394960918,www.shekel.cz,David Fábry,≤100
1435306616714852,Filip Humplík,These ads ran without a disclaimer,≤100
112078397341578,FlashNews,These ads ran without a disclaimer,≤100
451164508986022,KIT SHOW Vysočiny,These ads ran without a disclaimer,≤100
105185611038429,aneti_ada,These ads ran without a disclaimer,≤100
188235971211201,"Organizace pro pomoc uprchlíkům, z.s.",These ads ran without a disclaimer,≤100
153384318085064,EUROPEUM Institute for European Policy,These ads ran without a disclaimer,≤100
208129966505452,Nadační fond Abbigail Williams,These ads ran without a disclaimer,≤100
301729270267694,Financevpraxi,These ads ran without a disclaimer,≤100
103954771595133,Iva Dvořáková I Vaše radní,Iva Dvořáková,≤100
368879136622401,Bohempia,These ads ran without a disclaimer,≤100
100617488241201,Magazín Proboha,These ads ran without a disclaimer,≤100
100102138818077,"Václav Salač - hráč, trenér mládeže, milovník fotbalu",Václav Salač,≤100
766034250145554,Český spolek pro agrolesnictví,These ads ran without a disclaimer,≤100
1482779951833462,Mikuláš Bek,Mikuláš Bek,≤100
1004509496603417,Education.cz,Education. cz,≤100
1016837121695055,Pomáháme lidem na útěku,These ads ran without a disclaimer,≤100
167902104356,Ordinace v růžové zahradě 2,These ads ran without a disclaimer,≤100
155406703122,Arnika,These ads ran without a disclaimer,≤100
854902281226449,interiér roku,These ads ran without a disclaimer,≤100
297565827101858,"Díky, že můžem",These ads ran without a disclaimer,≤100
183700625541,Intact - studium v zahraničí,These ads ran without a disclaimer,≤100
102318313221960,Advokátní kancelář CINK a partneři,These ads ran without a disclaimer,≤100
112261262165396,Social Watch CZ,Magdalena Šipka,≤100
470472843093069,KDU - ČSL Uherské Hradiště,Čestmír Bouda,≤100
100376522066328,Spravedlivá Maturita,Spravedlivá maturita,≤100
1444830119063684,Lucy K.M. Tattoo,These ads ran without a disclaimer,≤100
237673056405666,Piráti Opava,These ads ran without a disclaimer,≤100
614434815422565,Karla Maříková,These ads ran without a disclaimer,≤100
367032620800475,Pukka Herbs CZ/SK,These ads ran without a disclaimer,≤100
104640051432653,o-lidech.cz,Jan Bouchal,≤100
104554722938483,NKC - gender a věda,Kris Veitová,≤100
2050295571921210,"STEM/MARK, a.s.",These ads ran without a disclaimer,≤100
118479318393,SOS dětské vesničky,SOS dětské vesničky,≤100
409786973169158,Tru Earth,These ads ran without a disclaimer,≤100
114385477127693,Morava1918,Jiří Novotný,≤100
164024787880257,Adapterra,These ads ran without a disclaimer,≤100
147094518790912,Jiri Hlousek Photo,Jiří Hloušek,≤100
316563285803,TOP 09 - Liberecký kraj,TOP 09,≤100
413299928842557,mSTAN,"mSTAN, z.s.",≤100
180441835344502,GNWP.CZ,These ads ran without a disclaimer,≤100
200501386639578,Obsahová agentura,Obsahová agentura s.r.o.,≤100
2127044937512787,Loder Tire CZ&SK,These ads ran without a disclaimer,≤100
340535163542518,Mr/Mrs Fashion,These ads ran without a disclaimer,≤100
211601449589956,"Mgr. Pavel Žur -český ředitel divadla, sbormistr, producent a politik",Pavel Žur,≤100
101523544561847,MELRY,Jakub Krejza,≤100
220079674674602,BEROUN SOBĚ,Martin Veselý,≤100
453792238396240,VOGUE CS,These ads ran without a disclaimer,≤100
822146574595819,Agrární komora České republiky,These ads ran without a disclaimer,≤100
1655524301340709,Rožmberk nad Vltavou +,These ads ran without a disclaimer,≤100
226565767938752,Ing. Pavel Štohl,Tomas Jurman,≤100
228361180513562,Deník E15,These ads ran without a disclaimer,≤100
264585223613712,Milovat není zločin,These ads ran without a disclaimer,≤100
209796949057544,Baseball Czech,These ads ran without a disclaimer,≤100
112652895445956,Zdeněk Škromach,Zdeněk Škromach,≤100
178744805815695,Houtrans,These ads ran without a disclaimer,≤100
103099041247127,petr_charvy_charvat,These ads ran without a disclaimer,≤100
115295285826188,Energy financial group,These ads ran without a disclaimer,≤100
104968250999459,Dominik Hanko - SPD,Dominik Hanko,≤100
259225414266213,Tomáš Vandas,These ads ran without a disclaimer,≤100
101070205320517,NE zisku,These ads ran without a disclaimer,≤100
136248513192,Fórum 50 %,These ads ran without a disclaimer,≤100
110999310668887,Marian_for_president,Martin Derkač,≤100
377115242690410,ZM Fruct,These ads ran without a disclaimer,≤100
307366403475293,michalfrantik,Frantik Michal,≤100
614434815422565,Karla Maříková,Karla Maříková,≤100
714838428529500,European Pirate Party,These ads ran without a disclaimer,≤100
655887345024383,Steve Madden Czech,These ads ran without a disclaimer,≤100
0,Instagram User 1559341600,These ads ran without a disclaimer,≤100
1562059410771351,Luboš Zálom,These ads ran without a disclaimer,≤100
103181711586243,F-evoluce,These ads ran without a disclaimer,≤100
192241887468373,Mladí konzervativci,These ads ran without a disclaimer,≤100
105665831134403,atelierdivineart,These ads ran without a disclaimer,≤100
158998780784071,PRO Luhačovice,PRO Luhačovice,≤100
112884820843102,Ilona Chromová,Martin Chrom,≤100
247878308670560,Healthcare Institute,These ads ran without a disclaimer,≤100
273621813211189,Zdeněk Haník,These ads ran without a disclaimer,≤100
121715944536621,Rock Café Prague,Rock Café Prague,≤100
229057837817490,SPD Šumperk,These ads ran without a disclaimer,≤100
106467504379023,Igor Karen,These ads ran without a disclaimer,≤100
573004246504627,Bohéma,These ads ran without a disclaimer,≤100
309350362878126,YourStar,These ads ran without a disclaimer,≤100
998491866990952,Musicators,These ads ran without a disclaimer,≤100
102223528019323,Klimatická žaloba,Jiří Jeřábek,≤100
199043294236,oPojištění.cz,These ads ran without a disclaimer,≤100
622380917834630,Kuchyně gorenje,These ads ran without a disclaimer,≤100
101811863213398,Forum 2000,Forum 2000,≤100
350517498703833,Era Productions,Ivo Bystrican,≤100
1374776902763659,Datalyrics Česko,These ads ran without a disclaimer,≤100
123710951328223,Pomoc obětem válek - Victims of wars aid z.s.,These ads ran without a disclaimer,≤100
315747282263515,"Jakub Stárek, místostarosta Šestky",ODS - Občanská demokratická strana,≤100
99189733577,CoolPeople,CoolPeople,≤100
105002754733933,Matěj Gregor,These ads ran without a disclaimer,≤100
2355870998014543,Sázíme budoucnost,Nadace Partnerství,≤100
555596331313115,Jiří Korec,Jiří Korec,≤100
109160810487910,maraminarik_,These ads ran without a disclaimer,≤100
277000581245,Jakub Janda,Jakub Janda,≤100
1201476926617478,Piráti Šumperk,Česká Pirátská strana,≤100
327500584463162,Filip Hausknecht • Budoucnost,Filip Hausknecht,≤100
707458719329186,STAN Praha,Stan Praha,≤100
104968250999459,Dominik Hanko - SPD,These ads ran without a disclaimer,≤100
1650759878518871,CityChangers Česko,These ads ran without a disclaimer,≤100
109573630813341,Vize - národní socialisté,Vlasta Kaulerová,≤100
542571202537813,Mgr. Radek Vincour,ODS,≤100
232195050288580,Veronika Kašáková - official,These ads ran without a disclaimer,≤100
161193397272348,"Robert Fajfr, zastupitel města Trutnova za opoziční klub Žít v Trutnově",These ads ran without a disclaimer,≤100
1502989113258610,Jan Vávra,These ads ran without a disclaimer,≤100
1060889564019324,Tomáš Prouza,These ads ran without a disclaimer,≤100
258343517703804,GOLDEN GATE CZ,These ads ran without a disclaimer,≤100
1240809492610426,"Jan Jakob - starosta, poslanec",Jakob Jan,≤100
130631260290858,Česká pirátská strana - Středočeský kraj,These ads ran without a disclaimer,≤100
2075067112736899,Nebuď knedlík,Martin Čejka,≤100
10150090744485694,Česká společnost AIDS pomoc,These ads ran without a disclaimer,≤100
1171218899594367,Nastassia Aleinikava,These ads ran without a disclaimer,≤100
269320383095938,АТОН,These ads ran without a disclaimer,≤100
311204552663982,Petr Židek - ODS Liberec,ODS - Občanská demokratická strana,≤100
314038193269,211 - Zdravotní pojišťovna ministerstva vnitra ČR,These ads ran without a disclaimer,≤100
375824363195,jewish-eshop.cz,David Fábry,≤100
115003513385883,Roman Kraus - senátor,Roman Kraus,≤100
113437470509035,Za normální svět,These ads ran without a disclaimer,≤100
132091146847393,Masarykovy debaty,Studentská sekce IIPS,≤100
297688410299618,"ADLER Czech, a.s.",These ads ran without a disclaimer,≤100
100589171829795,STAN Kladno,Anna Gamanová,≤100
257974427294,Zelení Praha 6,Zelení,≤100
773344303000582,Klub Radnych Prawa i Sprawiedliwości Rady Miejskiej w Radoszycach,These ads ran without a disclaimer,≤100
118904461524646,Frank Bold,These ads ran without a disclaimer,≤100
1468464403368393,Herbert Pavera - Váš senátor na Opavsku,PRodukujeme s.r.o.,≤100
232692670846860,Zamítnutá léčba - VZP,Petr Řeháček,≤100
122406776211778,Ivo Bárek- Senátor,Česká strana sociálně demokratická,≤100
233206714645507,Adam Eliáš,Adam Eliáš,≤100
102963025109337,The Digitalway Freedom,These ads ran without a disclaimer,≤100
572424136243801,Institut pro sociální inkluzi,Jaroslav Valuch,≤100
461591160626936,Alena Doláková,These ads ran without a disclaimer,≤100
109526384299816,Nepromlčíme,These ads ran without a disclaimer,≤100
258732811224720,proprcky.cz,These ads ran without a disclaimer,≤100
108334615863322,LandesEcho,These ads ran without a disclaimer,≤100
270155686687173,Záhada lokálek,Tereza Franková,≤100
520555461325468,Ombudsman,Anna Bromová,≤100
146185062111138,TOP tým,Pecka Robert,≤100
182730931837545,420on.cz,These ads ran without a disclaimer,≤100
388570561882834,Radka Trylčová,These ads ran without a disclaimer,≤100
687589164666184,MasterClass,These ads ran without a disclaimer,≤100
491584371323338,Kosmetička Praha,These ads ran without a disclaimer,≤100
101338274832535,Finance Planner,These ads ran without a disclaimer,≤100
371110386278238,Proti komunistům,These ads ran without a disclaimer,≤100
101623421419022,Book Nerd,These ads ran without a disclaimer,≤100
150527751674751,Greens/EFA in the European Parliament,These ads ran without a disclaimer,≤100
335839580440114,Ask Europe,These ads ran without a disclaimer,≤100
100957867966942,BFN Today RUS,These ads ran without a disclaimer,≤100
463506004162314,Shell,These ads ran without a disclaimer,≤100
157944390964356,High Performance Academy,These ads ran without a disclaimer,≤100
8002590959,Rainforest Action Network,These ads ran without a disclaimer,≤100
111044773885192,Долька Лайма,These ads ran without a disclaimer,≤100
1635736753328236,Fortrade Online Trading,These ads ran without a disclaimer,≤100
2377469295662527,Aculeos Prague,These ads ran without a disclaimer,≤100
305256880287493,AIKIT Digital,These ads ran without a disclaimer,≤100
150322194563,PASA Primates: Pan African Sanctuary Alliance,PASA (Pan African Sanctuary Alliance),≤100
2133370100034168,Gadgets Go,These ads ran without a disclaimer,≤100
339425786743793,GoodThing.cz,These ads ran without a disclaimer,≤100
103124927824914,BeautifulLife,These ads ran without a disclaimer,≤100
216311481960,Bill Gates,These ads ran without a disclaimer,≤100
424758624768375,Satan Lovers,These ads ran without a disclaimer,≤100
771947142920359,IReader,These ads ran without a disclaimer,≤100
1276503745842895,DYLN Alkaline Water Bottle,These ads ran without a disclaimer,≤100
101300434785704,Soft Serve Clothing,These ads ran without a disclaimer,≤100
1179605638874368,The Social Tribune,These ads ran without a disclaimer,≤100
167472573272165,Mindvalley на русском,These ads ran without a disclaimer,≤100
181924628560212,SumOfUs,These ads ran without a disclaimer,≤100
362189887913523,Renshengshop,These ads ran without a disclaimer,≤100
103129268250380,"Prymula na Hrad, Prymula prezident",These ads ran without a disclaimer,≤100
111113227242252,Новости Страны,These ads ran without a disclaimer,≤100
1543167769333546,Štěpánka Mottlová,These ads ran without a disclaimer,≤100
108625789179165,Soi Dog Foundation,These ads ran without a disclaimer,≤100
360424321432255,Doha Debates,These ads ran without a disclaimer,≤100
158714780827513,UNFPA,These ads ran without a disclaimer,≤100
19746387261,Humane Society International,These ads ran without a disclaimer,≤100
125179374733697,Big News Buzz,These ads ran without a disclaimer,≤100
100451933698060,AdVenture Communist,These ads ran without a disclaimer,≤100
398799110143354,Lev Haolam - Supporting Israel,These ads ran without a disclaimer,≤100
376638603087168,Save The Earth,These ads ran without a disclaimer,≤100
1602513569993669,Radim Koziel - špičkové finanční poradenství,These ads ran without a disclaimer,≤100
337139906920844,Ring Tunes,These ads ran without a disclaimer,≤100
100147974667525,Oligerme,These ads ran without a disclaimer,≤100
51722069733,icebreaker,These ads ran without a disclaimer,≤100
825305624475174,Hawaiiyak,These ads ran without a disclaimer,≤100
672757109791242,Víte,These ads ran without a disclaimer,≤100
108662537444589,InvestExpert,These ads ran without a disclaimer,≤100
1852520761657982,4ocean,These ads ran without a disclaimer,≤100
841230545913536,Steven Kotler,These ads ran without a disclaimer,≤100
114309145251327,RTI,These ads ran without a disclaimer,≤100
2305444013007903,Sunywayz,These ads ran without a disclaimer,≤100
101176814872722,Global Pride 2020,These ads ran without a disclaimer,≤100
619185358591194,Freedom of life,These ads ran without a disclaimer,≤100
193863317737,eToro,These ads ran without a disclaimer,≤100
2388354714741824,EcoInnova,These ads ran without a disclaimer,≤100
1664959567149320,Wholesome Culture,These ads ran without a disclaimer,≤100
2136921333063029,Mona Nechvátalová - hnutí HLAS,These ads ran without a disclaimer,≤100
102459931791514,Scents Etc,These ads ran without a disclaimer,≤100
1798882800328461,CGTNEurope,These ads ran without a disclaimer,≤100
332895140241631,Chuť pomáhat,These ads ran without a disclaimer,≤100
588252871551498,RoboMarkets,These ads ran without a disclaimer,≤100
103231731552452,Skull and tattoos,These ads ran without a disclaimer,≤100