Page ID,Page Name,Disclaimer,Amount Spent (RON)
291177524360702,Partidul Social Democrat,Partidul Social Democrat,21682
181375448581167,Partidul Naţional Liberal,Partidul Naţional Liberal,21238
273685303103682,George Șișcu,George Șișcu,17744
273685303103682,George Șișcu,PNL Tulcea,16740
178362315106,European Parliament,European Parliament,12941
621574984950400,Alianța USR PLUS,Uniunea Salvați România - USR,12680
519093894797918,Eugen Orlando Teodorovici,Partidul Social Democrat filiala Tulcea,11463
642178943068856,STAN IONEL,Ionel Stan,10625
105162251106724,Ștefan Ilie,Ștefan Ilie,10055
105162251106724,Ștefan Ilie,PNL Tulcea,8853
111006193856964,Alexandru-Cristian Iordan,PNL Tulcea,7340
1565657143706900,Andaluzia Luca,Andaluzia Luca,7206
744028202367270,USR Tulcea,USR Tulcea,6920
799949990211564,Ramona Ioana Bruynseels,Ramona Ioana Bruynseels,5836
107898832590939,European Commission,European Commission,5392
106660681126046,tulceapress.ro,tulceapress.ro,5335
326658331534593,Organizația Județeană PMP Tulcea,PMP Filiala Judeteana Tulcea,4940
502618176571123,Stefana Zibileanu,CASIOMA CREATIVE DESIGN S.R.L.,4652
181375448581167,Partidul Naţional Liberal,Partidul National Liberal,4632
207255636351408,Dan Barna,Uniunea Salvați România - USR,4381
578846169290290,Viorica Vasilica Dăncilă,Partidul Social Democrat,4205
1714296242143881,Horia Teodorescu,PSD Tulcea,3960
1714296242143881,Horia Teodorescu,Horia Teodorescu,3648
275621429636078,Fără Penali în Funcții Publice,Uniunea Salvați România - USR,3614
1543882319242196,Marius Tudorie,Content Consulting,3402
246199086252201,Alexandru FILIP,Alexandru FILIP,3392
873672062727897,ALDE Tulcea,Content Consulting,3332
1565657143706900,Andaluzia Luca,PSD Tulcea,3278
1395939193764858,Marcel Ciolacu,Partidul Social Democrat,3237
149371012371397,Newsweek Romania,Newsweek Romania,3226
176989973158138,Guvernare.net,Guvernare.net,3215
2546711162025064,Politice.net,politice.net,3014
1272686469428960,Popa Octavian Marius,Fisfy Marketing,2722
1504323906337545,Litere.net,litere.net,2536
112664490103704,Salvăm România,Salvăm România,2449
713018592100688,PNL Tulcea,PNL Tulcea,2390
246199086252201,Alexandru FILIP,Alex Filip,2104
638483096795141,Laurențiu Mocanu,CASIOMA CREATIVE DESIGN S.R.L.,2050
181375448581167,Partidul Naţional Liberal,Future Innovation,2037
291132089193,Greenpeace Romania,Greenpeace Romania,1970
494469087244449,Eugen Tomac,Partidul Mișcarea Populară,1753
102490014685799,Partidul Puterii Umaniste - Social Liberal Tulcea,Sadica Mihaita,1740
101128634827226,Marinescu Liliana,CASIOMA CREATIVE DESIGN S.R.L.,1588
1157480384268430,Partidul Puterii Umaniste - Social Liberal,Partidul Puterii Umaniste - Social Liberal,1540
115223543730170,Ludovic Orban,Partidul Naţional Liberal,1521
807941322931602,PLUS Tulcea,PLUS Tulcea,1518
111949663926004,Ovidiu Ghionu,Fundația La Porțile Deltei,1513
106102621299976,Michael Gudu,PNL Tulcea,1500
102589478212798,Simion Dragos,Simion Dragos,1469
445242878916307,Readlog,Readlog News,1464
1866763946908143,Hashtag #pebune,Hashtag #pebune,1419
178362315106,European Parliament,These ads ran without a disclaimer,1341
190806361344229,PSD Tulcea,PSD Tulcea,1337
1058116737612843,Uniunea Salvați România - USR,Uniunea Salvați România - USR,1320
2177244962290894,PRO România,Networld IT&C SRL,1229
1974422129274621,PRO România Tulcea,CASIOMA CREATIVE DESIGN S.R.L.,1175
795022763862618,Viorel Cataramă,Dreapta Liberala,1155
770704223323599,Dezvoltăm România,Future Innovation,1057
1100459663338217,News.ro,News.ro,1032
101813971731083,Laurentiu-Adrian Feodorov,TGU Group SRL pentru P. E. R. Filiala Tulcea CUI 11200031,959
740542712800426,TLnews - Tulcea News,Adrian Boioglu,955
621574984950400,Alianța USR PLUS,Alianța 2020 USR PLUS,953
102025778125741,Robert Cazanciuc,Partidul Social Democrat,909
1565657143706900,Andaluzia Luca,These ads ran without a disclaimer,863
686190454826244,Declic,Declic,858
1769713886444816,Râsu Plânsu,Râsu Plânsu,847
1445317929104549,ALDE - Partidul Alianta Liberalilor si Democratilor,EvolveDreamSoft,846
578846169290290,Viorica Vasilica Dăncilă,These ads ran without a disclaimer,844
111949663926004,Ovidiu Ghionu,Ovidiu Ghionu,827
100742615155260,Eugen Terente,Terente Eugen,785
415470028644127,Alexandru Cumpanasu,Simona Cumpanasu,785
123526378261795,Stiri Locale,Stiri Locale,779
1974422129274621,PRO România Tulcea,PRO România Tulcea,771
110827020832011,Furdui Lucian,Linea Maintenance Srl,763
713018592100688,PNL Tulcea,Partidul Naţional Liberal,748
901290179956752,Autoritatea Electorală Permanentă,Autoritatea Electorală Permanentă,737
227922987222524,Calin Popescu Tariceanu,ALDE,718
112571523480822,Un Om Presedinte,Deep Knowledge,705
425051144215846,Stefan Radu Oprea,Partidul Social Democrat,695
114011443843389,Romulus Lucian IARU,ROM MEDIAVISION SRL,689
713018592100688,PNL Tulcea,These ads ran without a disclaimer,627
602280189818804,Mihai Goţiu,Gotiu Remus Mihai,624
519093894797918,Eugen Orlando Teodorovici,Partidul Social Democrat Organizatia Tulcea,598
150967671609795,Victor Ponta,PRO România,590
654183651296677,Mircea Diaconu,Alianta UN OM,574
1933828876850844,Sondaje România,Sondaje.net,563
180167272027251,B1.ro,B1.ro,546
731035500293728,Siegfried Muresan,Siegfried Muresan,546
949310328493328,E5 News,E5News,534
304735519648377,Guvernul României,Crucea Rosie Romana,520
1445317929104549,ALDE - Partidul Alianta Liberalilor si Democratilor,ALDE,481
505785196105852,Florian Bodog,Partidul Social Democrat,479
220579784732993,Daniel Buda,Buda Daniel,468
243027859216579,Alfred Simonis,Partidul Social Democrat,466
112063880271020,Mugurel Marsavela,Mugurel Marsavela,465
481109085257342,FITT Timisoara,FITT Timisoara,464
213019223461605,Timur Alex,CASIOMA CREATIVE DESIGN S.R.L.,462
112479373774600,Marius Constantin Budăi,Partidul Social Democrat,459
103691414351874,Un Om - Mircea Diaconu,Alianta UN OM,453
114236173563547,Alianța pentru Unirea Românilor Tulcea,Simion George-Nicolae,431
104339127576831,Ziareazi.ro,ziareazi.ro,429
799949990211564,Ramona Ioana Bruynseels,These ads ran without a disclaimer,409
744028202367270,USR Tulcea,These ads ran without a disclaimer,396
101322554583643,Ciuma Roșie,Ciuma Roșie,387
117682741602835,Online Report,Online Report,384
121253906338680,Elena Visterneanu,CASIOMA CREATIVE DESIGN S.R.L.,383
105162424616729,Mocanu Catalin,CASIOMA CREATIVE DESIGN S.R.L.,376
182546041796641,Costel Alexe,Partidul Naţional Liberal,372
362877977521642,Partidul Neamul Romanesc,Peia Ninel,368
1094773083945512,Claudiu Nasui,NASUI CLAUDIU-IULIUS-GAVRIL,354
2177244962290894,PRO România,PRO România,353
1521621941495024,Marina EVO Residence,These ads ran without a disclaimer,350
163943696987223,Ziarul Puterea,Ziarul Puterea,322
1903580739951981,PLUS,PLUS,319
1875528839348774,Dragoș Pîslaru,Dragoș Pîslaru,319
153350861368355,Constănțeanul,Constănțeanul,318
163950740830769,Gaz De Romania,Gaz De Romania,315
1317563728271610,Ioana Constantin,Partidul Mișcarea Populară,308
272370502030,Comisia Europeană în România,Reprezentanța Comisiei Europene în România,304
581911828514783,Partidul Mișcarea Populară,Partidul Mișcarea Populară,302
1140001842686665,Petre Florin Manole,Partidul Social Democrat,301
170623543081668,Adrian Oros,Nechita-Adrian Oros,295
433179246802682,Consiliul Investitorilor Străini - FIC,Consiliul Investitorilor Străini - FIC,291
318417928527284,Lucian N. Romascanu,Partidul Social Democrat,291
159850657881928,Costel Fotea,Costel Fotea,285
107898832590939,European Commission,These ads ran without a disclaimer,283
293215748279337,România fără PSD,Future Innovation,275
118156068240867,CEL.ro,CEL.ro,275
2011587152392668,Mirela Furtuna,PSD Tulcea,275
102944558153946,Marius Mărgărit,Mitica-Marius Margarit,275
110827020832011,Furdui Lucian,Lucian Furdui,271
591077984699308,Cazinouri Legale,These ads ran without a disclaimer,271
114685395289559,Andreea Talmazan,Andreea-Cristina Talmazan,270
932511363436611,Cristian Dima,OPYUM ADVERTISING CA SRLD,269
107543802616247,Dacian Cioloş,PLUS,267
181375448581167,Partidul Naţional Liberal,Future Innovation,267
112664490103704,Salvăm România,These ads ran without a disclaimer,240
574372066308729,Basism,Grupul de Investigatii Politice,239
894725487274444,PSD Babadag,George Stanescu,232
296173713739483,Partidul Ecologist Roman,Silviu Rus,229
988607871174850,Grupul de Investigatii Politice,Grupul de Investigatii Politice,229
8657329535,Telekom Electronic Beats,These ads ran without a disclaimer,229
624376714433486,Trezirea Spirituala,These ads ran without a disclaimer,224
103445844473825,Alianța pentru Unirea Românilor - AUR,DGI Multimedia Design SRL,224
339365506708219,Departamentul pentru Agricultură și Dezvoltare Rurală al PSD,Partidul Social Democrat,223
293705614001972,Ileana Cristina Dumitrache,PSD Constanta CMF 11200020,222
138896782840976,Biroul Parlamentului European în România,"Parlamentul European, Biroul de Informare în Romania",221
1653726584879481,Mihai Fifor,Partidul Social Democrat,216
1094773083945512,Claudiu Nasui,Uniunea Salvati Romania,215
1769713886444816,Râsu Plânsu,These ads ran without a disclaimer,215
1884185928268621,USR Somova,These ads ran without a disclaimer,213
2443020582586584,Romania Eficienta,Romania Eficienta,211
101128634827226,Marinescu Liliana,Marinescu Liliana,205
103445844473825,Alianța pentru Unirea Românilor - AUR,Simion George-Nicolae,201
602280189818804,Mihai Goţiu,These ads ran without a disclaimer,201
1446842632295732,Unident Center Clinica Dentara Premium Tulcea,These ads ran without a disclaimer,200
360184320712594,Raluca Turcan,PNL Sibiu,200
361235817223309,Traian Băsescu,Partidul Miscarea Populara Bucureşti,199
227922987222524,Calin Popescu Tariceanu,EvolveDreamSoft,198
201920416986321,EM360 Studio,EM360 cu Adi Maniutiu,190
1128229287275038,Silvia Dinică,Silvia Dinică,187
111049194090703,Prea mult si niciodata destul,Books Lead SRL,185
107314371114087,Buhai Daniel,Buhai Daniel,182
165452684079944,Sătui,IOANITA MARIN-IOANA,181
2365342553558020,Daniel Ionașcu,Partidul Puterii Umaniste - Social Liberal,179
364446500390294,Ilan Laufer,Ilan Laufer,177
621574984950400,Alianța USR PLUS,These ads ran without a disclaimer,175
150967671609795,Victor Ponta,Partidul PRO România București,174
143378845861681,PNL Mures,PNL Mures,173
112063880271020,Mugurel Marsavela,These ads ran without a disclaimer,172
336140476485117,Zisopol Dragos-Gabriel  -  Uniunea Elena din Romania,Uniunea Elenă din România,170
789998757706140,PNL Brăila,Partidul National Liberal Braila,170
356331945441602,Nu te lăsa dusă,Andra Anastasia Alexa,168
144439666313596,Știri 365,Știri 365,167
1701796170063558,Silviu Petcu,Silviu Petcu,162
501922796520976,Recolamp,Recolamp,161
602280189818804,Mihai Goţiu,Partidul Uniunea Salvati Romania,161
275621429636078,Fără Penali în Funcții Publice,Fără Penali în Funcții Publice,157
293059364228212,TEMI News,These ads ran without a disclaimer,157
112332998808842,Cristian Bușoi,Rus Alexandra,157
125895557433232,evz.ro,evz.ro,157
274006426583660,Elena Uram,These ads ran without a disclaimer,154
364996840328403,Asociația Liga Albanezilor din România,ALAR,154
281341562263123,Cristina Prună,PRUNA CRISTINA-MADALINA,151
1572019133014738,Gabriel Toncean,Gabriel Toncean,149
138896782840976,Biroul Parlamentului European în România,Biroul Parlamentului European în România,148
377191859541561,USR Tulcea,These ads ran without a disclaimer,147
1393858224186762,Novahouse.ro,These ads ran without a disclaimer,143
2021287728125919,Stiri de Azi,Stiri de Azi,142
112651657181398,Zi de zi,Zidezi,140
102589478212798,Simion Dragos,These ads ran without a disclaimer,139
360184320712594,Raluca Turcan,Partidul Naţional Liberal,138
261202277284497,Theodor Paleologu,Partidul Mișcarea Populară,137
279280712669378,Alianța Anticorupție din România,These ads ran without a disclaimer,137
179534978911984,ZIUA de Constanţa,ZIUA de Constanţa,137
2212856535602171,George Simion,George Simion,134
278117815576023,EU Justice and Consumers,The European Commission's Directorate-General for Justice and Consumers,133
384844288555266,Ciocan Nicusor,Uniunea Salvați România - USR,132
919353428122457,Noua Românie - PNR,Noua Românie - PNR,131
100359098453366,Partidul Puterii Umaniste social-liberal Galati,Roxana Marosy,129
1272603089536010,Compatibilitate.ro,These ads ran without a disclaimer,129
1572019133014738,Gabriel Toncean,PNL Mures,126
1156150484398630,MozaiQ,MozaiQ,124
168243139877442,BZI,BZI,124
129099573815915,TeamDeals,These ads ran without a disclaimer,123
344458106051842,Mircea Titus Dobre,Mircea Titus Dobre,123
121265151226126,Norica Nicolai,Increase Digital,122
100421228427906,Popa Costel,Bogdan-Daniel Popa,120
505785196105852,Florian Bodog,Tild Consulting SRL,120
488333077924354,Expresspress,ExpressPress.ro,119
428923027871330,Consiliul Național PSD,Partidul Social Democrat,117
175293925828191,Kelemen Hunor,RMDSZ,116
109849657256655,60m.RO,60m.RO,116
965141730341598,Alternativa pentru Demnitate Națională  - ADN,Alternativa pentru Demnitate Nationala - ADN,115
113801786691411,Finantarea Ideilor de Afaceri Romanesti,These ads ran without a disclaimer,113
230785173665770,Nicușor Dan,Nicușor Dan,113
770704223323599,Dezvoltăm România,These ads ran without a disclaimer,113
1852364238326923,Laura-Iuliana Scântei,PNL IASI,113
430856153670593,Elena Basescu,Partidul Mișcarea Populară,112
141366725876424,European Greens,European Greens,112
256383721668316,Fonduri Europene,These ads ran without a disclaimer,110
183575085437327,Ionut Catalin Stancu,Uniunea Salvați România - USR,110
1653726584879481,Mihai Fifor,These ads ran without a disclaimer,110
418397358314460,Dosar de Politician,Popescu Cristian,110
509548582409324,Ghidul Primãriilor,Millenium Management Sistem SRL,107
1877390129210103,Demis Rusu,Rusu Demis,107
377838292845619,Cherish Humanity,Cherish Humanity,106
181375448581167,Partidul Naţional Liberal,These ads ran without a disclaimer,105
1641765056062575,Virgil Popescu,POPESCU VIRGIL-DANIEL,105
292847028010932,Aresel,Tudor Adrian,104
1852364238326923,Laura-Iuliana Scântei,Laura-Iuliana Scântei,102
939093039450192,PS News,PS News,101
291177524360702,Partidul Social Democrat,These ads ran without a disclaimer,101
1058116737612843,Uniunea Salvați România - USR,These ads ran without a disclaimer,≤100
502618176571123,Stefana Zibileanu,PRO România Tulcea,≤100
106302366059916,Salvati Copiii Romania,Salvati Copiii Romania,≤100
148993498505135,PNL Prahova,PNL Prahova,≤100
176989973158138,Guvernare.net,These ads ran without a disclaimer,≤100
227578001357165,Ionel Dancă,Partidul Naţional Liberal,≤100
329619180721358,Cosette Chichirău,Chichirau Cosette-Paula,≤100
118745168285753,Marian Pavel,Marian Pavel,≤100
389526374826372,Cadouri de hartie veche,These ads ran without a disclaimer,≤100
1698496200468482,Constantin Codreanu,These ads ran without a disclaimer,≤100
102352978338289,Refinanteaza.ro,REFINANTEAZA RO,≤100
302902656782475,Cristian Ghica,Cristian Ghica,≤100
1572019133014738,Gabriel Toncean,These ads ran without a disclaimer,≤100
188485217832992,NewsFalcon,NewsFalcon,≤100
339365506708219,Departamentul pentru Agricultură și Dezvoltare Rurală al PSD,These ads ran without a disclaimer,≤100
418397358314460,Dosar de Politician,Silviu Mănăstire,≤100
341019783073747,iqŞtiri,These ads ran without a disclaimer,≤100
1719567741620517,România Politică,These ads ran without a disclaimer,≤100
100776721728815,Dragos Seucan,Dragos Seucan,≤100
104339127576831,Ziareazi.ro,These ads ran without a disclaimer,≤100
873672062727897,ALDE Tulcea,Alexandrescu Liviu Andrei,≤100
108818130851166,Andrei Lupu,PLUS Prahova,≤100
131027970242795,Capital România,Capital România,≤100
581911828514783,Partidul Mișcarea Populară,Amerisoft,≤100
147547541961576,Council of the European Union,Council of the European Union,≤100
104975117567190,Toma Corunt,These ads ran without a disclaimer,≤100
795022763862618,Viorel Cataramă,Viorel Catarama,≤100
108821710734046,Mihai Isvoranu,"Partidul Libertate, Unitate și Solidaritate",≤100
376808162779895,Marius Tudor,Marius Tudor,≤100
131238253608762,ROM Autentic,ROM Autentic,≤100
701269053385884,Stiri Romania,These ads ran without a disclaimer,≤100
522518014611632,Andrei Pop,Andrei Pop,≤100
453872838277213,Stiri Politice,These ads ran without a disclaimer,≤100
1698496200468482,Constantin Codreanu,Constantin Codreanu,≤100
123745931793119,Informează-te,These ads ran without a disclaimer,≤100
400988753344239,Europolitics,Vlad Epurescu,≤100
1317563728271610,Ioana Constantin,Partidul Mișcarea Populară Sector 1 București,≤100
729627343834501,Kialo,These ads ran without a disclaimer,≤100
412473149183859,PSD Judetul Constanta,PSD Judetul Constanta,≤100
236215875884,Libertatea,Libertatea,≤100
1818721128360253,Enel Group,These ads ran without a disclaimer,≤100
654183651296677,Mircea Diaconu,These ads ran without a disclaimer,≤100
282004838539253,JUST Ideas SRL,JUST Ideas SRL,≤100
1794842367460623,Super Cazino,These ads ran without a disclaimer,≤100
545470752223362,George Stângă,PNL Galati,≤100
399782660185699,OK Medical,OK Medical,≤100
246710742436892,Oana Stanciulescu,Oana Stanciulescu,≤100
130253830373353,Poenari - stilouri lucrate manual,These ads ran without a disclaimer,≤100
208455526258094,Radu Preda,Partidul Social Democrat,≤100
146955527905,EU Civil Protection & Humanitarian Aid - ECHO,These ads ran without a disclaimer,≤100
108723169291363,Daniel Suciu,PSD BN,≤100
561681477298135,Mihai Chirica,Mihai Chirica,≤100
279454772645662,Nicu Ștefănuță,Nicu Ștefănuță,≤100
196347590385196,NewsGroup.biz,News-Group.biz,≤100
494469087244449,Eugen Tomac,Eugen Tomac,≤100
219945448554768,Ministerul Investitiilor si Proiectelor Europene,Popescu Matei,≤100
183087692172986,Raluca Amariei,USR Sibiu,≤100
509479962851716,Alexandru Kocsis,Romanii trebuie sa stie,≤100
1543882319242196,Marius Tudorie,Alexandrescu Liviu Andrei,≤100
207255636351408,Dan Barna,These ads ran without a disclaimer,≤100
1701796170063558,Silviu Petcu,These ads ran without a disclaimer,≤100
501241386727395,Radu Nicolescu,Radu Nicolescu,≤100
227922987222524,Calin Popescu Tariceanu,ALDE - Partidul Alianta Liberalilor si Democratilor,≤100
535445976897124,ALDE BACĂU - Partidul Alianța Liberalilor și Democraților,Partidul Alianța Liberalilor și Democraților - ALDE,≤100
428941830493010,Bankwatch Romania,Bankwatch Romania,≤100
111658128847068,Amnesty International,These ads ran without a disclaimer,≤100
293215748279337,România fără PSD,These ads ran without a disclaimer,≤100
753132051455407,Gelu Ștefan Diaconu,DIACONU GELU-STEFAN,≤100
1668078800161073,Alexandru Gâdiuță,Uniunea Salvati Romania Sector 6,≤100
148387219090644,Florin Roman,Partidul Naţional Liberal,≤100
979547832069760,PNL Galati,PNL Galati,≤100
246448218839873,Senary,These ads ran without a disclaimer,≤100
174434106304018,USR Galați,Uniunea Salvați România,≤100
227922987222524,Calin Popescu Tariceanu,These ads ran without a disclaimer,≤100
698760586929790,USR Constanța,Uniunea Salvați România filiala Constanta,≤100
1876727935882404,Bogdan Bola,BOLA BOGDAN-ALEXANDRU,≤100
597665030407862,Demos,Demos,≤100
873672062727897,ALDE Tulcea,ALDE TULCEA,≤100
298765223557508,Ionel Arsene,PSD Neamt,≤100
1551100608459864,Cristina Traila,Cristina Traila,≤100
109926607089436,"Ciocoii noi, tot vechi",Ciocoii vechi tot noi,≤100
581911828514783,Partidul Mișcarea Populară,These ads ran without a disclaimer,≤100
1881461575305499,Dreapta Liberală - DL,Dreapta Liberala,≤100
227578001357165,Ionel Dancă,PNL VRANCEA,≤100
136440113400763,Bogdan Rodeanu,Bogdan Rodeanu,≤100
106971900737894,The United Arab Emirates Nation Brand,These ads ran without a disclaimer,≤100
168916269806778,ING Romania,These ads ran without a disclaimer,≤100
110323433649148,Fanatik News,Fanatik Social Media SRL,≤100
117311063446456,Ene Marian,Naltabar Ionut,≤100
103070034876262,Danut Mihai PER,Admin Tools SRL,≤100
1790298417664674,"Novingair Aer Proaspat, ventilatie cu recuperare de caldura",AIR,≤100
2255836364460859,Dragoș Tudorache,Dragos Tudorache,≤100
361235817223309,Traian Băsescu,Partidul Mișcarea Populară,≤100
109700264127487,10TV România,10tv.md,≤100
779335275738093,Podul,Mircea Savin,≤100
298765223557508,Ionel Arsene,Media PR Grup,≤100
418397358314460,Dosar de Politician,These ads ran without a disclaimer,≤100
1530271987100122,Tudor Benga,These ads ran without a disclaimer,≤100
705733042862650,USR Bacău,USR Bacău,≤100
102601499822802,RMDSZ,RMDSZ,≤100
290423314363157,Dan Cristian Popescu,These ads ran without a disclaimer,≤100
28312410177,World Food Programme,These ads ran without a disclaimer,≤100
279454772645662,Nicu Ștefănuță,Uniunea Salvați România - USR,≤100
1847959338763696,Inițiativa România,Inițiativa România,≤100
494469087244449,Eugen Tomac,These ads ran without a disclaimer,≤100
160389004118249,Iulian Dumitrescu,Iulian Dumitrescu,≤100
176811992738806,USR Brăila,Uniunea Salvați România - USR,≤100
1092535407579725,La Pensie,La Pensie,≤100
183473261723511,Ziar Piatra Neamt,Media PR Grup,≤100
108171930863714,Razvan Cuc,Razvan Cuc,≤100
107543802616247,Dacian Cioloş,These ads ran without a disclaimer,≤100
1632266380355345,Victor Moraru,Victor Moraru,≤100
412473149183859,PSD Judetul Constanta,These ads ran without a disclaimer,≤100
2212856535602171,George Simion,Simion George-Nicolae,≤100
740542712800426,TLnews - Tulcea News,These ads ran without a disclaimer,≤100
814910065234373,Agent Green,These ads ran without a disclaimer,≤100
1974422129274621,PRO România Tulcea,These ads ran without a disclaimer,≤100
100545665112643,Cristian Porneala,Cristian Porneala,≤100
1208682419220715,Sorin Grindeanu,Partidul Social Democrat,≤100
939093039450192,PS News,Popescu Cristian,≤100
1467144410186323,ColourB4Romania,These ads ran without a disclaimer,≤100
302372799880650,Cetin Arhi Ametcea,Mesaros-Rusu Theodor-Lucian,≤100
114874465275543,IKEA,These ads ran without a disclaimer,≤100
1059219720932841,Bunicuţa Virtuală,Csaba Anghel-Nagy,≤100
292847028010932,Aresel,These ads ran without a disclaimer,≤100
321896004518929,Ioan Mang,Ioan Mang,≤100
502618176571123,Stefana Zibileanu,These ads ran without a disclaimer,≤100
182173838166,Radio Europa Liberă Moldova,These ads ran without a disclaimer,≤100
329122497569429,Video News,These ads ran without a disclaimer,≤100
412473149183859,PSD Judetul Constanta,PSD Filiala Constanța - 11200020,≤100
192365285011395,Si eu reusesc,A.L.E.G.,≤100
452093044903834,Radu Cristescu,PSD - Filiala Satu Mare,≤100
374979375984476,Cetățeanul.net,Cetățeanul.net,≤100
1805963862837704,Adevărul Românesc,These ads ran without a disclaimer,≤100
1475955182678680,Kelemen Hunor Oficial,RMDSZ,≤100
289324877762564,Expert Forum (EFOR),Expert Forum (EFOR),≤100
261202277284497,Theodor Paleologu,Amerisoft,≤100
329619180721358,Cosette Chichirău,These ads ran without a disclaimer,≤100
422708137849148,Expres Magazin,Expres Magazin,≤100
109932590367933,Stoichescu- Presedintele Romaniei 2024,These ads ran without a disclaimer,≤100
111502976973422,Vigoexpress,These ads ran without a disclaimer,≤100
789998757706140,PNL Brăila,Purice Marian,≤100
1140001842686665,Petre Florin Manole,Petre Florin Manole,≤100
1056023287918330,NU SUNT Plastic - Sacose biodegradabile,Victor Ciubotaru,≤100
291132089193,Greenpeace Romania,These ads ran without a disclaimer,≤100
1600768946684463,G4 Media,These ads ran without a disclaimer,≤100
1696567977266345,Avocat Cuculis - C.A Cuculis Si Asociatii,These ads ran without a disclaimer,≤100
137259469989828,Florin Remeţan,Isidor's Software Solutions SRL,≤100
1213530271996644,Antena1,These ads ran without a disclaimer,≤100
612708488926063,PNT Maniu-Mihalache,Partidul Naţional Ţărănesc - Maniu Mihalache,≤100
170623543081668,Adrian Oros,TMK Research Services,≤100
123526378261795,Stiri Locale,These ads ran without a disclaimer,≤100
102317864875501,Breaking Fake News,Marian Voicu,≤100
1010385432423828,Todaynews,Todaynews,≤100
1190871690932388,Petre Ionel,Petre Ionel,≤100
1698313903770393,Ervin Molnar,Molnar Ervin,≤100
1100459663338217,News.ro,These ads ran without a disclaimer,≤100
113478975335669,Editura NEMIRA,These ads ran without a disclaimer,≤100
100254005221791,Furdui Lucian 1,Infotulcea.ro,≤100
108295090637741,ASAP România,ASAP Romania,≤100
111500596949704,Umbrela Albastra,Cecilia Enache,≤100
602280189818804,Mihai Goţiu,Uniunea Salvați România,≤100
807941322931602,PLUS Tulcea,"Partidul Libertate, Unitate și Solidaritate",≤100
104217171285776,Asociația Industriei Lemnului - Prolemn,Asociația Industriei Lemnului - Prolemn,≤100
611295286194080,În pix de România,These ads ran without a disclaimer,≤100
1613962815515360,Marius Craina,Partidul PRO România,≤100
101758341228067,Oana Țoiu,Oana Țoiu,≤100
1512454475497915,ALDE Brasov,ALDE Filiala Judeteana Brasov,≤100
109616315790854,Superbet,These ads ran without a disclaimer,≤100
640011536422545,Redacția.info,The TRUST Word News Group,≤100
494469087244449,Eugen Tomac,Amerisoft,≤100
979547832069760,PNL Galati,Branding Digital Strategy,≤100
894715383990595,ENI CBC Romania-Ukraine 2014-2020,These ads ran without a disclaimer,≤100
127925800618165,Socialists and Democrats Group in the European Parliament,Socialists and Democrats Group in the European Parliament,≤100
941005572643851,Lucian Caprariu,Braila Noua,≤100
1573036646252079,Valeriu Andrei Steriu,Partidul Social Democrat,≤100
1044870808873407,Comisarul,Comisarul,≤100
708334336169853,Naomi Reniuț-Ursoiu,Uniunea Salvați România,≤100
719601528138635,Partidul Mișcarea Populară Constanța,Partidul Mișcarea Populară Constanța,≤100
164390367008767,PNL Sibiu,PNL Sibiu,≤100
795022763862618,Viorel Cataramă,Dreapta Liberală - DL,≤100
180205302758780,Cristian Băcanu,Partidul Naţional Liberal,≤100
110509070714284,ABIFF,ABI Fundație,≤100
488333077924354,Expresspress,Oblyo Digital Agency,≤100
1600886623504873,PressOne,Adrian-Stefan Mihaltianu,≤100
1145522045624751,Filip Havarneanu,Filip Havarneanu,≤100
421280451283707,PNL Sector 3,PNL Sector 3,≤100
252950101538687,PNL Cluj,TMK Research Services,≤100
569692119874171,Stiri.Obiective,These ads ran without a disclaimer,≤100
261321050611325,Funky Citizens,Funky Citizens,≤100
502514186907494,Apa Noastră,Mihnea Eugen Pospai,≤100
362877977521642,Partidul Neamul Romanesc,These ads ran without a disclaimer,≤100
1445317929104549,ALDE - Partidul Alianta Liberalilor si Democratilor,ALDE - Partidul Alianta Liberalilor si Democratilor,≤100
360424321432255,Doha Debates,These ads ran without a disclaimer,≤100
102814714870797,Dumitru Costel Bosogeanu,Carlos Boşogeanu,≤100
118681226205652,Mișcarea pentru Democrație Directă - MPDD,Ioan Toroican,≤100
137651470305528,Federația Patronală Petrol și Gaze,Federatia Patronală Petrol și Gaze,≤100
110665943772240,Virgil Pirvulescu,PNL Filiala Vâlcea,≤100
679218552100812,stiripesurse.ro,These ads ran without a disclaimer,≤100
100254005221791,Furdui Lucian 1,Lucian Furdui,≤100
208694883781,Tudor - Tim Ionescu,Tudor Tim Ionescu,≤100
271812196554188,Antonio Andrusceac,These ads ran without a disclaimer,≤100
2674994945905369,USR Macin,These ads ran without a disclaimer,≤100
1546224948975696,NEst-TV Channel,Paul Besleaga,≤100
190806361344229,PSD Tulcea,Partidul Social Democrat Organizatia Tulcea,≤100
735350019910389,PNL DOLJ,Digital Avi Srl,≤100
644108472676492,Violeta Alexandru,Partidul Naţional Liberal,≤100
493723354108403,HA STORE,HA STORE,≤100
166120410257411,Nestlé,These ads ran without a disclaimer,≤100
360160674750044,USR Sulina,These ads ran without a disclaimer,≤100
545470752223362,George Stângă,Stanga George-Catalin,≤100
182783535702641,PRO România Călărași,Carrot Media SRL la comanda PRO Romania Calarasi-CMF 11200008,≤100
678840505584990,PNL Bucuresti,Partidul Naţional Liberal,≤100
698760586929790,USR Constanța,USR Constanța,≤100
192813847556849,Catalin Ivan,Catalin Ivan,≤100
1557836147771248,Pavel Emilian,These ads ran without a disclaimer,≤100
150955332037774,Cristian Seidler,Cristian Seidler,≤100
618899354811552,Cristian Daniel Stan,These ads ran without a disclaimer,≤100
321896004518929,Ioan Mang,WeCreate Ads,≤100
1530271987100122,Tudor Benga,Tudor Benga,≤100
932511363436611,Cristian Dima,ALDE- PARTIDUL ALIANȚA LIBERALILOR ȘI DEMOCRAȚILOR,≤100
318810698230037,Agenda Pompierului,Agenda Pompierului,≤100
101513134979277,Anton-Traian Antoniadis,Anton-Traian Antoniadis,≤100
338109312883186,China Xinhua News,These ads ran without a disclaimer,≤100
125895557433232,evz.ro,These ads ran without a disclaimer,≤100
560400854158794,Antoneta Ioniță,ETIS Design,≤100
215405775174990,Falca Gheorghe,Falca Gheorghe,≤100
130698810374423,Mioc George,These ads ran without a disclaimer,≤100
215328865181171,Borboly Csaba,Borboly Csaba,≤100
2067897930206687,Mobila Premium,These ads ran without a disclaimer,≤100
296278403898159,Otilia Sava,These ads ran without a disclaimer,≤100
106189049563646,Constanta INFO,Dorian Hapurnea,≤100
697451833786949,Mihai Polițeanu,POLITEANU MIHAI-LAURENTIU,≤100
113903080356129,Alin Mituța,Alin Cristian Mituța,≤100
1724781964475116,Lavinia Cosma,Deputat Lavinia Cosma,≤100
101116731604458,Romania Produce,Silviu Rus,≤100
600025356762034,Carina Pflege Locuri de munca Germania,Olimpia Schugar,≤100
380268059480218,Constanta Curata,These ads ran without a disclaimer,≤100
527351247377965,European Committee of the Regions,European Committee of the Regions,≤100
475239616017090,Dedoles,These ads ran without a disclaimer,≤100
146127302873492,Brăila Nouă - partidul brăilenilor,Brăila Nouă - partidul brăilenilor,≤100
3513223738703029,BPNews,Peia Ninel,≤100
469766630029894,Irinel Ionel Scriosteanu,These ads ran without a disclaimer,≤100
183473261723511,Ziar Piatra Neamt,Ziar Piatra Neamt,≤100
901290179956752,Autoritatea Electorală Permanentă,These ads ran without a disclaimer,≤100
1566276376993897,Sebastian Moise,Partidul Mișcarea Populară,≤100
197777083568806,JYSK Romania,JYSK Romania,≤100
1092535407579725,La Pensie,These ads ran without a disclaimer,≤100
110046570331829,Monica Cristina Anisie,Monica Cristina Anisie,≤100
116206531782887,Wise,These ads ran without a disclaimer,≤100
103642847645375,Ficusul de la Cotroceni,These ads ran without a disclaimer,≤100
267821410080602,Cronica Romana,Parvu Florin,≤100
362877977521642,Partidul Neamul Romanesc,Stefan Peia,≤100
142316892817483,Be EU,Be EU,≤100
190518778491827,"Respect, egalitate, diversitate in Harsova",Vlad Panait Mihai,≤100
1713567278928013,Petre Emanoil Neagu,Petre Emanoil Neagu,≤100
2453233161385807,Constanța 2020,These ads ran without a disclaimer,≤100
422079857963680,PNL Constanţa,PNL Constanţa,≤100
112332998808842,Cristian Bușoi,Cristian Bușoi,≤100
307288202654985,Salvează o inimă,Dalina Agency,≤100
333606539787,UNICEF Romania,UNICEF Romania,≤100
314121698626112,Stiri Nationale - Ziarul tau de azi,Stiri Nationale,≤100
294035851052538,George Simion Unire,These ads ran without a disclaimer,≤100
153217548705577,George Scripcaru,Andrei Mihai-Lucian,≤100
100282584826243,Claudia Mihaela Banu,PNL Valcea,≤100
289973947756061,eLiberare,LU Agency Creative Ideas,≤100
104484254797326,Deputat Laura Vicol,Deputat Laura Vicol,≤100
321896004518929,Ioan Mang,Tild Consulting,≤100
103691414351874,Un Om - Mircea Diaconu,These ads ran without a disclaimer,≤100
522518014611632,Andrei Pop,Partidul Social Democrat,≤100
113891911974243,Partidul Verde,Partidul Verde,≤100
107472810795416,Partidul Verde București-Ilfov,Partidul Verde,≤100
1658924257659048,USR Sector 3,USR Sector 3,≤100
488333077924354,Expresspress,Express Press,≤100
378217008895640,SisiCosmetice,These ads ran without a disclaimer,≤100
978167322355961,Cotea Flavius-Gabriel,Cotea Flavius-Gabriel,≤100
101050491593899,Mihai Birsan,Mihai Birsan,≤100
100584038410532,Roman Serghei,Roman Serghei,≤100
523106417867452,Mircea Fechet,Branding Digital Strategy,≤100
136440113400763,Bogdan Rodeanu,These ads ran without a disclaimer,≤100
322809508100115,George Gabriel Vișan,These ads ran without a disclaimer,≤100
1903580739951981,PLUS,These ads ran without a disclaimer,≤100
468508013320444,Vlad Alexandrescu,senat.ro,≤100
508900942619160,CEZ Romania,These ads ran without a disclaimer,≤100
136440113400763,Bogdan Rodeanu,USR Galați,≤100
100553668349998,Legalizăm.ro,Evoluție În Instituție,≤100
509548582409324,Ghidul Primãriilor,These ads ran without a disclaimer,≤100
112389266860826,Toop,These ads ran without a disclaimer,≤100
960310370664830,Primăria Constanța,Evonomix,≤100
105522854133423,Radu Panait,Panait Radu,≤100
2077524885664207,Departamentul pentru Tineret și Sport PSD,These ads ran without a disclaimer,≤100
1876727935882404,Bogdan Bola,Partidul Național Liberal Filiala Constanța,≤100
108171930863714,Razvan Cuc,Media PR Grup,≤100
281341562263123,Cristina Prună,These ads ran without a disclaimer,≤100
209399519151264,Liviu Brătescu,Liviu Brătescu,≤100
227578001357165,Ionel Dancă,ETIS Design,≤100
220262955197843,PressHub,Freedom House Romania,≤100
482887325059745,Constanta 100%,Constanta 100%,≤100
186998094751949,Tineretul Național Liberal,Tineretul Național Liberal,≤100
1549073781993174,PNL Sector 5,Partidul Naţional Liberal,≤100
321896004518929,Ioan Mang,These ads ran without a disclaimer,≤100
114460923709287,4media.INFO,4MEDIA.INFO,≤100
315465401814755,Asociatia Accept,Asociatia Accept,≤100
1046576302107963,Ciprian Serban,Popescu Cristian,≤100
116936411831925,Partidul Miscarea Populara Sector 3,Partidul Miscarea Populara Sector 3,≤100
192813847556849,Catalin Ivan,These ads ran without a disclaimer,≤100
174643522616423,Ivan A. Mihaela,Ivan A. Mihaela,≤100
733361543466014,Daniel Botănoiu,Partidul Social Democrat,≤100
360184320712594,Raluca Turcan,These ads ran without a disclaimer,≤100
840140639407583,Eugen Pîrvulescu,K-Soft,≤100
924354934394338,Iulian Lorincz,Uniunea Salvați România - USR,≤100
486358554821325,Sergiu Bîlcea,Sergiu Bîlcea,≤100
302902656782475,Cristian Ghica,These ads ran without a disclaimer,≤100
167611313593642,Ministerul Sănătăţii - România,Ministerul Sanatatii,≤100
111105537419564,Oana Murariu,Oana Murariu,≤100
187935071639,RFI Romania,RFI Romania,≤100
128462147222633,Radio Fx Net,Radio Fx Net,≤100
932511363436611,Cristian Dima,Cristian Dima,≤100
207255636351408,Dan Barna,Dan Barna,≤100
1549073781993174,PNL Sector 5,PNL Sector 5,≤100
2006803969624108,Partidul Social Democrat Departamentul pentru Politici Fiscal Bugetare,Partidul Social Democrat,≤100
1116110425071553,PNL Vaslui,PNL VASLUI,≤100
337945686551608,Stanciu Marian,Marian Stanciu,≤100
1756244037976610,Managementul Profesional al Faunei,These ads ran without a disclaimer,≤100
113009310432947,Cheșa Ilie,Chesa Ilie,≤100
102163798277339,Nehoiu Necenzurat,Nehoiu Necenzurat,≤100
2546711162025064,Politice.net,These ads ran without a disclaimer,≤100
832298706889408,111%,These ads ran without a disclaimer,≤100
421280451283707,PNL Sector 3,Bit Expert Serv SRL,≤100
611335776054145,USR Jijila,These ads ran without a disclaimer,≤100
1377206955844962,Charm Studios,These ads ran without a disclaimer,≤100
261202277284497,Theodor Paleologu,These ads ran without a disclaimer,≤100
1040487469355385,TripActions,These ads ran without a disclaimer,≤100
126087738920655,Daniela Elena Rădulescu,Partidul Miscarea Populara- Filiala Braila,≤100
1028428697211383,USR Sibiu,Uniunea Salvați România,≤100
712323618907367,Cristian Gavra,Isidor's Software Solutions SRL,≤100
2006803969624108,Partidul Social Democrat Departamentul pentru Politici Fiscal Bugetare,These ads ran without a disclaimer,≤100
1080329445321587,Intermag,These ads ran without a disclaimer,≤100
305608429284,EU Environment,These ads ran without a disclaimer,≤100
316002512431444,Tech@Facebook,These ads ran without a disclaimer,≤100
530917126960355,Plaiul Nou Music Band,Panu Misailescu Dan,≤100
183125116821,EURES,These ads ran without a disclaimer,≤100
762513577100958,Complete Media Grup,Complete Media Grup,≤100
138896782840976,Biroul Parlamentului European în România,These ads ran without a disclaimer,≤100
1473670686274595,Codin Maticiuc,These ads ran without a disclaimer,≤100
434201116654583,"Benoît Mayrand, Conseiller Français de l'étranger Roumanie Moldavie",These ads ran without a disclaimer,≤100
616741628836453,Adrian Câciu,Partidul Social Democrat,≤100
275621429636078,Fără Penali în Funcții Publice,These ads ran without a disclaimer,≤100
279015256066684,Beatrice Tudor,Partidul Social Democrat,≤100
330932571103970,Partidul Social Democrat - Departamentul pentru Sănătate,These ads ran without a disclaimer,≤100
731035500293728,Siegfried Muresan,These ads ran without a disclaimer,≤100
263489820393183,Leonardo,These ads ran without a disclaimer,≤100
361235817223309,Traian Băsescu,Amerisoft,≤100
803704429988967,Pro Romania Savinesti,Soreb,≤100
108723169291363,Daniel Suciu,Partidul Social Democrat,≤100
260386954424437,George Edward Dircă,DIRCA GEORGE-EDWARD,≤100
391340088137711,Discoverproject.ro,Stelian Negrea,≤100
1640996242671731,Stop AAAS Ro,These ads ran without a disclaimer,≤100
958364000868431,PMP TV,Partidul Mișcarea Populară,≤100
1924822180909998,Andrei Stoican pentru Romania,These ads ran without a disclaimer,≤100
1656475137918717,USR Sector 6,Uniunea Salvati Romania Filiala Sector 6,≤100
339973510194748,Departamentul pentru Turism - Partidul Social Democrat,These ads ran without a disclaimer,≤100
108401057264983,Lada cu lenjerii,These ads ran without a disclaimer,≤100
1653699758248627,Ion ȘTEFAN,PNL Vrancea,≤100
110046570331829,Monica Cristina Anisie,Partidul Național Liberal,≤100
678840505584990,PNL Bucuresti,These ads ran without a disclaimer,≤100
1796983697227034,Gigel Știrbu,Gigel-Sorinel Stirbu,≤100
187790651428993,Lorena Lupu Artist Page,Lorena Lupu,≤100
227922987222524,Calin Popescu Tariceanu,Calin Popescu Tariceanu,≤100
1238823992859020,Cornel Zainea,Cornel Zainea,≤100
186052998083442,Robert Negoita,Robert Negoita - Partidul Bucuresti 2020,≤100
119405895873,Huawei,These ads ran without a disclaimer,≤100
1208208005982001,Evenimentul Istoric,Evenimentul Istoric,≤100
417012548413962,Pagina Bogdan Stanoevici,Bogdan Stanoevici,≤100
415165838654554,Dan Tudorache,Dan Tudorache,≤100
112549980095638,Insta Source RO,These ads ran without a disclaimer,≤100
269505079808785,Cristian Ghinea,Cristian Ghinea,≤100
269505079808785,Cristian Ghinea,Uniunea Salvați România,≤100
2365342553558020,Daniel Ionașcu,PPUSL,≤100
106110347886087,Stroe Felix,PSD Filiala Constanta - 21200019,≤100
820926504642763,TNL Botosani,Partidul Național Liberal - PNL Filiala Botoșani,≤100
406418396840740,Ghidul Fondurilor Structurale Europene,These ads ran without a disclaimer,≤100
1238111743018265,"Departamentul pentru Mediul de Afaceri, Comerţ şi Antreprenoriat al PSD",These ads ran without a disclaimer,≤100
554865607867049,Visinel Balan,Visinel Balan,≤100
101631944997854,Corin Chereches,Chereches Corin,≤100
2114711428542300,România Puternică,These ads ran without a disclaimer,≤100
431467304025393,360medical.ro,360medical.ro,≤100
190382688990,Alex Galmeanu Photography,Alex Galmeanu,≤100
1050772725004547,Lumea Politică,LumeaPolitica,≤100
165467823513147,Alin Tișe,Alin Tișe,≤100
213807275397200,Opriti Persecutia Falun Gong,These ads ran without a disclaimer,≤100
204397909629079,Rares Bogdan,These ads ran without a disclaimer,≤100
1673799125989500,PRO România Constanța,Evonomix,≤100
230785173665770,Nicușor Dan,Partidul Național Liberal,≤100
168243139877442,BZI,These ads ran without a disclaimer,≤100
122112937846171,Bogdan Pater,Bogdan Pater,≤100
745975698891864,Cristina Iurisniti,Cristina Iurisniti,≤100
169962753021439,A.L.E.G.,A.L.E.G.,≤100
1798882800328461,CGTNEurope,These ads ran without a disclaimer,≤100
1975738806067717,Departamentul pentru Muncă și Justiție Socială,Partidul Social Democrat,≤100
314121698626112,Stiri Nationale - Ziarul tau de azi,Media PR Grup,≤100
420792951832559,CODE Nova,These ads ran without a disclaimer,≤100
187592784626719,E.J. Production,These ads ran without a disclaimer,≤100
603874909641104,PNL Ilfov,These ads ran without a disclaimer,≤100
111606420664541,Adela Muntean,Nasp Beratung SRL pentru PMP Sibiu,≤100
107638470623914,Keep Freedom Unlocked,These ads ran without a disclaimer,≤100
144499358953385,Vitalia Pavlicenco,These ads ran without a disclaimer,≤100
1030472763816931,Departamentul Fonduri Europene al PSD,Partidul Social Democrat,≤100
105108390926719,"Raed Arafat =  Fapte, nu vorbe",These ads ran without a disclaimer,≤100
104824114435432,Bucureștiul Meu Iubit,Camelia-Alexandra Moisa,≤100
358946287866233,Software Development Academy Romania,These ads ran without a disclaimer,≤100
360646214023384,Ben Oni Ardelean,Partidul National Liberal filiala Timis,≤100
101304024920128,Princess Casino,These ads ran without a disclaimer,≤100
981691111851493,IHunt,These ads ran without a disclaimer,≤100
360184320712594,Raluca Turcan,ETIS Design,≤100
1569314583329364,Vergil Chițac,PNL - Filiala Constanta,≤100
115769303669345,Gheorghe A. Nicoară,PMP Alba,≤100
100658794826152,Moraru Mihai Razvan,PLUS Buzau,≤100
382675642120867,Ionela Dobrică,Dobrica Ionela-Viorela,≤100
1023925717722556,FiecareVot,FiecareVot,≤100
1774368136184466,Pavel Popescu,Pavel Popescu,≤100
554865607867049,Visinel Balan,Visinel Costel Balan,≤100
104768414203023,Iulian Octavian Stana,Iulian Stana,≤100
102161714472898,Icreditonline.ro,These ads ran without a disclaimer,≤100
247381131986109,Tehnomir Energy,These ads ran without a disclaimer,≤100
268907496454282,J&B Romania,These ads ran without a disclaimer,≤100
1551100608459864,Cristina Traila,These ads ran without a disclaimer,≤100
124341250922171,BCR,These ads ran without a disclaimer,≤100
294648260641674,Edictum Dei,These ads ran without a disclaimer,≤100
252216518753662,Silviu Rus,Silviu Rus,≤100
110573787157936,Focuspress,These ads ran without a disclaimer,≤100
344160769340169,Renomia SRBA Insurance Broker SRL,These ads ran without a disclaimer,≤100
110665943772240,Virgil Pirvulescu,virgil pirvulescu,≤100
103911904863584,Radu Octavian Moraru PER,Partidul Ecologist Roman - cod mandatar 11200031,≤100
236992636715917,Simona Maria Vlădica,Amerisoft,≤100
324424001419299,Horia Constantinescu,eTrezirea,≤100
111683990314101,Aleph News,Aleph News,≤100
735350019910389,PNL DOLJ,These ads ran without a disclaimer,≤100
233245515463,Editura Litera,Grup Editorial Litera S.A.,≤100
171725719525360,semnal.eu,semnal.eu,≤100
636615956364844,Gabriel Petrea,These ads ran without a disclaimer,≤100
296278403898159,Otilia Sava,Otilia Sava,≤100
797044747344438,Departamentul pentru Afaceri Interne PSD,Partidul Social Democrat,≤100
1985293741779690,Gregoriana Tudoran,Tudoran Gregoriana Carmen,≤100
341037705981172,Humanitas,Humanitas,≤100
1260189270736679,Organizatia de tineret - Partida Romilor "Pro-Europa",These ads ran without a disclaimer,≤100
732931243476469,PSD Olt,whitech.ro,≤100
1685332388164462,Wazifa - DUA,These ads ran without a disclaimer,≤100
104024201157680,Alianta pentru Unirea Romanilor - AUR Lumina,Alexandru Simion,≤100
634055517225187,Constantin Frățilă,Constantin Fratila,≤100
106110847823463,JurisDictio,Alexandru Balasanu,≤100
160602071173961,Unitatea - Sindicatul Liber Din Metrou,These ads ran without a disclaimer,≤100
389963941046410,Marius Stan,Win Media : WMD SRL,≤100
205153910227534,Stefan Balta,These ads ran without a disclaimer,≤100
1449284915381234,Ionel Bogdan,PNL Maramureş,≤100
719780158165645,Claudiu Daniel Catana,Claudiu Daniel Catana,≤100
185582988821530,Cătălin Teniță,Cătălin Teniţă,≤100
2330908257186424,Departamentul pentru Educatie Nationala,Partidul Social Democrat,≤100
274364459598604,Sindicatul Naţional Sport şi Tineret,Sindicatul Naţional Sport şi Tineret,≤100
289973947756061,eLiberare,Asociatia eLiberare,≤100
102991004591819,Razvan Filipescu,Răzvan Filipescu,≤100
1567568240207870,Ionel Adetu,Partidul Miscarea Populara - Filiala Braila,≤100
457768311042169,Consiglieri,Consiglieri,≤100
104413866270917,Libris.ro,These ads ran without a disclaimer,≤100
1796983697227034,Gigel Știrbu,These ads ran without a disclaimer,≤100
361469013993212,"Malin Bot, pagina publică",These ads ran without a disclaimer,≤100
1773261759600203,Ciprian Blejan,Ciprian-Mircea Blejan,≤100
475729409194986,Marian Vasiliev,Marian Vasiliev,≤100
662811860409354,Greek Taste,Greek,≤100
101271084785776,Nicolae Ciocîrlan,PARTIDUL ECOLOGIST ROMAN,≤100
101210968377814,Crina Veronica Mechno - pentru un Viitor Verde,Bogdan Colonna,≤100
107027044046084,Magazin Grecesc,Ulieru Ionut,≤100
691989847586756,Roxana Wring,These ads ran without a disclaimer,≤100
100850998460894,Rodica Boancă,Rodica Boanca,≤100
113002120553539,Teleorman - Padure Nebuna,Teleorman-PadureNebuna,≤100
2449445505071289,SanoPass,Ovidiu Tănase,≤100
306886363517789,Schlosspark in Berlin,These ads ran without a disclaimer,≤100
1514760912172050,Marius Bodea,Marius Bodea,≤100
2097401573836964,Responsabil DPO,RESPONSABIL-DPO.ro,≤100
1755275524761981,10tv.md,10tv.md,≤100
285041241432,Institutul Polonez / Instytut Polski w Bukareszcie,Institutul Polonez / Instytut Polski w Bukareszcie,≤100
1469610256621123,PNL Dambovita,PNL Dambovita,≤100
258798927476549,Enel România,Enel România,≤100
1665056826841975,Anisoara Stanculescu,PMP Dolj,≤100
1395939193764858,Marcel Ciolacu,Ion Marcel Ciolacu,≤100
230915270372776,Ninel PEIA,Peia Ninel,≤100
269561229826228,Ferroli Romania,These ads ran without a disclaimer,≤100
167003977296,Hipo.ro,These ads ran without a disclaimer,≤100
325161187517978,Marian Oprișan,These ads ran without a disclaimer,≤100
575912409437415,Rapid Credit,These ads ran without a disclaimer,≤100
201005150346629,Marian Crușoveanu,Crusoveanu Marian,≤100
134043256672774,"MUZE - Asociatia pentru Teatru, Film, Muzica si Dans",These ads ran without a disclaimer,≤100
370318969737636,Gabriel Liviu ISPAS,PRO Romania București,≤100
1933828876850844,Sondaje România,These ads ran without a disclaimer,≤100
1569314583329364,Vergil Chițac,Vergil Chițac,≤100
144830532755824,PRO România București,PRO Romania Bucuresti,≤100
108877157242254,Alexandrina-Ioana Nan,Alexandrina Nan,≤100
735622696818349,PSD Dâmbovița,CMF: 21200019,≤100
461838944252133,PNL Târgoviște,PNL Targoviste,≤100
668129379887378,Dan Motreanu,Partidul Național Liberal,≤100
275632269117054,Daniel Constantin,Daniel Constantin - PNL Arges,≤100
442721279504718,Elena Grosu,Elena Grosu,≤100
367869046463,Europuls - Centrul de Expertiza Europeana,Europuls - Centrul de Expertiza Europeana,≤100
504587106635214,Oreste,FiiInformat.ro,≤100
101133561510833,Octavian Petric,Sprint Multimedia,≤100
1877329969225876,Reset,Mitrofan Daniela,≤100
1238823992859020,Cornel Zainea,These ads ran without a disclaimer,≤100
1214971831975446,Upgrade 100,Upgrade 100,≤100
149669878510851,PMP Ialomița,Partidul Miscarea Populara - Ialomita,≤100
116423099905579,Digital-Print.ro,Mihaela Petrovan,≤100
101920081415195,Partidul Puterii Umaniste - Social Liberal Constanța,PPU-SL Constanta,≤100
594140750966248,PRO România Galați,These ads ran without a disclaimer,≤100
89625862971,Paralela45,Paralela45,≤100
102466261436758,USR Navigatori,USR Constanța,≤100
112834473882956,MaskDepot,SC PPE Technologies SA,≤100
102929151672942,Revista Patronatului Roman,Armasu Cezar Iulian,≤100
547015548766551,PNL Teleorman,K-Soft,≤100
112953853591210,Sergiu Sechelariu,Sergiu Sechelariu,≤100
442350193258500,USR Jurilovca,These ads ran without a disclaimer,≤100
1238111743018265,"Departamentul pentru Mediul de Afaceri, Comerţ şi Antreprenoriat al PSD",Partidul Social Democrat,≤100
212143985823109,Daniel Ștefan Drăgulin,Daniel Ștefan Drăgulin,≤100
346281832652995,Departamentul pentru Comunicații și Societate Informațională al PSD,Partidul Social Democrat,≤100
624378404873325,Bogdan Dumitrescu,"Partidul Libertate, Unitate și Solidaritate",≤100
804299403024040,Iulian Bulai,USR Neamt,≤100
346491619548918,Ara Gold,These ads ran without a disclaimer,≤100
348490215819103,Stefan Rusu,Stefan-Adrian Rusu,≤100
309525925854654,Cristian Chirteș,PNL Mures,≤100
322497428187148,Fethullah Gulen Oficial Română,These ads ran without a disclaimer,≤100
103075931649901,Haz de necaz,These ads ran without a disclaimer,≤100
427656597297153,Gabriela Firea,PSD Bucuresti,≤100
138172746752164,PNL Târgu Mureş,PNL Mures,≤100
189842604757753,Oana Bizgan,Oana Bizgan,≤100
2159559831039746,Administraţie Liberală,These ads ran without a disclaimer,≤100
731035500293728,Siegfried Muresan,Partidul Naţional Liberal,≤100
208847039653490,Marcel Laurentiu Romanescu,PNL Gorj,≤100
137651470305528,Federația Patronală Petrol și Gaze,Federația Patronală Petrol și Gaze,≤100
264759937324882,SC Muzeu Galerie SRL,These ads ran without a disclaimer,≤100
482604971767291,PNL Buzău,PNL Buzău,≤100
174630686047964,DCNews,These ads ran without a disclaimer,≤100
188878181569726,Daniela Oteşanu,Daniela Oteşanu,≤100
356191071692866,News Room Moldova,These ads ran without a disclaimer,≤100
116401146432522,Delta Shop,These ads ran without a disclaimer,≤100
282104112246692,Forum Apulum,Asociația Apulum Forum,≤100
1587678041519354,PNL Neamt,Partidul National Liberal,≤100
2233378443540927,Pamflet de Constanța,These ads ran without a disclaimer,≤100
277734509832595,Youtil,These ads ran without a disclaimer,≤100
2191933467738825,Dare to be Grey,These ads ran without a disclaimer,≤100
215610252346661,PNL Diaspora,BADEA VIOREL-RICEARD,≤100
434521344030142,Adriana Popa,USR Bacău,≤100
389232701270090,CTnews - Constanta News,Adrian Boioglu,≤100
149669878510851,PMP Ialomița,PMP Ialomita,≤100
131238253608762,ROM Autentic,These ads ran without a disclaimer,≤100
143378845861681,PNL Mures,Partidul Naţional Liberal,≤100
53617461443,imobiliare.ro,These ads ran without a disclaimer,≤100
114532836907025,Winzer Cristian,Partidul Social Democrat,≤100
1983789615225849,Partidul Adevăr și Dreptate - PAD - România,Partidul Adevar și Dreptate,≤100
204397909629079,Rares Bogdan,Future Innovation,≤100
103099254385995,Catalina Badoiu,These ads ran without a disclaimer,≤100
945290092249958,Marius Horia Țuțuianu,Marius Horia Tutuianu,≤100
807077632707044,Cristian Buican,PNL Vâlcea,≤100
1270127716436435,Recorder,Recorder,≤100
183087692172986,Raluca Amariei,These ads ran without a disclaimer,≤100
1656475137918717,USR Sector 6,Uniunea Salvati Romania,≤100
105522854133423,Radu Panait,Alianta USR PLUS Satu Mare,≤100
429437337859107,Cornel Radu Loghin,RADU-LOGHIN CORNEL,≤100
141366725876424,European Greens,These ads ran without a disclaimer,≤100
828411763950694,TaxEduportal,These ads ran without a disclaimer,≤100
397591464403313,Marefind,These ads ran without a disclaimer,≤100
1557836147771248,Pavel Emilian,WeCreate Ads,≤100
1408452646080627,Marius Screciu,SCRECIU MARIUS-VASILE,≤100
131027970242795,Capital România,These ads ran without a disclaimer,≤100
101049188682586,De interes public,Vasile Țiple,≤100
111348393864176,Mihai Lupu,PNL Filiala Constanta COD AEP 21200012,≤100
509479962851716,Alexandru Kocsis,Alexandru Kocsis,≤100
527351247377965,European Committee of the Regions,These ads ran without a disclaimer,≤100
153018728044101,SOS Satele Copiilor Romania,These ads ran without a disclaimer,≤100
313555442654386,Vot Corect,Expert Forum (EFOR),≤100
153018728044101,SOS Satele Copiilor Romania,SOS Satele Copiilor Romania,≤100
145629735482674,Chira Claudiu-Martin,Partidul Național Liberal filiala Timiș,≤100
105371064626304,Romeo Dunca,Romeo Dunca,≤100
111348393864176,Mihai Lupu,VRAI,≤100
156241728508525,axanews.ro,axanews.ro,≤100
100831714705646,Micutul Noel- SMA1,Asociatia Pentru Micutul Noel,≤100
436611443849757,Democracy Mania,Democracy Mania,≤100
260783067293307,"EU Internal Market, Industry, Entrepreneurship & SMEs",These ads ran without a disclaimer,≤100
546614152178992,Mayor Pelekas Monastery,These ads ran without a disclaimer,≤100
594841667215752,Cojocea Roxana,PNL Brasov,≤100
101009184622286,Ghișeul 5,Dobrescu Flavia,≤100
1755275524761981,10tv.md,These ads ran without a disclaimer,≤100
186612088034700,Facias - Fundatia pentru Apararea Cetatenilor Impotriva Abuzurilor Statului,FACIAS,≤100
104468027603592,Simona Spătaru,PLUS Sector 4,≤100
174291436685142,Gabriel Valer Zetea,Amalia Babici-Man,≤100
471673660019608,Ziar Neamț,Media PR Grup,≤100
1715989055291587,Catalin Berenghi,These ads ran without a disclaimer,≤100
805507802930909,Genicomar MG,Grigore Marian,≤100
457768311042169,Consiglieri,These ads ran without a disclaimer,≤100
464633280396762,Catalin Toma,PNL Vrancea,≤100
480975841983898,Fanatik.ro,Fanatik.ro,≤100
337767610139251,Justin Ștefan,Justin Stefan,≤100
827607837339873,AMR - Asociaţia Municipiilor din România,These ads ran without a disclaimer,≤100
106739977698088,Marius Eugen Ostaficiuc,Marius Ostaficiuc,≤100
958364000868431,PMP TV,Partidul Miscarea Populara Bucureşti,≤100
131694680334259,Sorin Moldovan,TMK Research Services,≤100
827831393930594,Alin Ignat,IGNAT ION-ALIN-DAN,≤100
814461608650881,stelianmuscalu.ro,These ads ran without a disclaimer,≤100
1738339926491503,Silviu Dehelean,These ads ran without a disclaimer,≤100
101871771655051,Partidul Verde Dumitru Ionel,Andrei Florea,≤100
103102518265289,Ionut Gaita,Partidul Național Liberal filiala Timiș,≤100
1376495612426388,Schimbarea in politica,These ads ran without a disclaimer,≤100
1796983697227034,Gigel Știrbu,PNL Olt,≤100
220579784732993,Daniel Buda,ETIS Design,≤100
347088368670380,Cristian Popescu Piedone,Cristian Popescu Piedone,≤100
1395939193764858,Marcel Ciolacu,These ads ran without a disclaimer,≤100
127992783958711,Oana Cuzino,Oana Cuzino,≤100
1149297625184695,Mircea Draghici,Mircea Drăghici,≤100
113807947089309,N-am dar vreau,Tudor Schinagel,≤100
268639063830248,PLUS Prahova,PLUS Prahova,≤100
290046701369353,Alexandra Pals,These ads ran without a disclaimer,≤100
945290092249958,Marius Horia Țuțuianu,These ads ran without a disclaimer,≤100
869879979748474,Eugen ION,These ads ran without a disclaimer,≤100
165452684079944,Sătui,These ads ran without a disclaimer,≤100
360833174410777,USR Tineret,These ads ran without a disclaimer,≤100
795022763862618,Viorel Cataramă,These ads ran without a disclaimer,≤100
2260140687565360,Gabriel Waspusch,Waspusch Virgiliu G.,≤100
105290270810885,ETA Galați,Robert Marin,≤100
621274961320489,Yalnızlar Semti,These ads ran without a disclaimer,≤100
1055101664610946,PSD Bucuresti,PSD București,≤100
103099254385995,Catalina Badoiu,Cătălina Bădoiu,≤100
2111208649120991,Radio Europa Liberă România,These ads ran without a disclaimer,≤100
182475402251846,Ashoka România,Ashoka Romania,≤100
2260140687565360,Gabriel Waspusch,These ads ran without a disclaimer,≤100
1738775243077997,Wicked.,These ads ran without a disclaimer,≤100
226807931387196,Adrian Stoica,Adrian-Claudiu Stoica,≤100
231118967080828,Laurențiu Nicolae Cazan,PNL Vâlcea,≤100
100170125230813,Constantin Bîrcă,ROGER GRAPHIC DESIGN SRL,≤100
582397865304291,Cupşa Ioan,Cupsa Ioan,≤100
589113161590901,Bealcovschi Bogdan,Bealcovschi Bogdan Eugen,≤100
155357214489195,PariuriX.com,These ads ran without a disclaimer,≤100
828728423846906,Gabriel Mutu,PSD FILIALA SECTOR 6,≤100
1128229287275038,Silvia Dinică,These ads ran without a disclaimer,≤100
397013397568341,Ольга Тищенко,These ads ran without a disclaimer,≤100
1612373492325952,PNL Caras Severin,PNL Caras Severin,≤100
125414364282605,Daniel Fenechiu,Daniel Fenechiu,≤100
733744230138480,Istoria Manelelor,These ads ran without a disclaimer,≤100
110260084103125,Good news,These ads ran without a disclaimer,≤100
138013066338332,Asociația Umanistă Română,Adrian Călugăru,≤100
619545431391444,PNL Botosani - Organizatia Municipala,Partidul Național Liberal - Botoșani,≤100
279506398903505,PNL Sector 1,These ads ran without a disclaimer,≤100
1397780273832865,PH-online.ro,PH-online.ro,≤100
2212856535602171,George Simion,DGI MULTIMEDIA DESIGN,≤100
991078227650559,Costel Șoptică,Partidul Național Liberal - Botoșani,≤100
413428396067521,Grupul sustinatorilor Antena 3,These ads ran without a disclaimer,≤100
2227316874023644,Județul Constanța - Oameni și Fapte,These ads ran without a disclaimer,≤100
1721104404876809,Mara Mareş,Mara Mareş,≤100
325161187517978,Marian Oprișan,Marian Oprișan,≤100
335839580440114,Ask Europe,These ads ran without a disclaimer,≤100
100627461625843,Music Top,These ads ran without a disclaimer,≤100
1667054373538354,Vasile Dîncu,Zbabing,≤100
100339281612064,Outlet-Mng.Net,These ads ran without a disclaimer,≤100
187632491860732,Sebastian Cernic,USR Bacău,≤100
106360637650534,Costea Cristian,Cristian Costea,≤100
731035500293728,Siegfried Muresan,ETIS Design,≤100
406717082995103,L'atelier Madame,These ads ran without a disclaimer,≤100
104963290889633,Robert Iosub,Media PR Grup,≤100
757155141064687,Ionuț Vulpescu,Ionuț Vulpescu,≤100
1585170161775563,PSD Galati,Partidul Social Democrat Galati,≤100
361235817223309,Traian Băsescu,These ads ran without a disclaimer,≤100
117848065510546,PSD Bihor,These ads ran without a disclaimer,≤100
351667304936371,Senator de Maramureș Liviu Marian Pop,Partidul Social Democrat,≤100
754127904605680,Cezo.ro,These ads ran without a disclaimer,≤100
1785666108373699,Calota Samuel,lpv media pro srl,≤100
1434315680113953,Alexandru Ion Coita,These ads ran without a disclaimer,≤100
400504303385362,PSD Suceava,SC WEBMASTERY STUDIO SRL,≤100
1854493691430908,Dan Ștefan Tarcea,Dan Tarcea,≤100
690691330970663,Mirel Palada,These ads ran without a disclaimer,≤100
2330908257186424,Departamentul pentru Educatie Nationala,These ads ran without a disclaimer,≤100
113791296930266,Studio de criză,IOANITA MARIN-IOANA,≤100
1024698440918384,Gheorghe Valentin Rotar - Primar,Gheorghe Valentin Rotar,≤100
180205302758780,Cristian Băcanu,PNL Sector 5,≤100
1780921688842867,USR Făgăraș,USR Brașov,≤100
1609233339370553,Cristina Burciu,TMK Research Services,≤100
104101554409311,Robert Viorel Chioveanu,Arthur and Regents,≤100
111352214018894,Constantin VOICU,PMP Giurgiu,≤100
333606539787,UNICEF Romania,These ads ran without a disclaimer,≤100
518360088519274,Cristache Cătălin,Cristache Catalin,≤100
113673183797134,ExitPoll,Tudor Bohalteanu,≤100
1792704267628950,Sorin Brașoveanu,Brasoveanu Sorin,≤100
200389030077064,Observatorul Român de Sănătate,Observatorul Român de Sănătate,≤100
108134810667090,Partidul Verde Constanta,Pavel Cristian,≤100
355055648411528,Vlad Sincӑ,Sinca Vlad-Gabriel,≤100
148993498505135,PNL Prahova,These ads ran without a disclaimer,≤100
133241986702028,Diverta,These ads ran without a disclaimer,≤100
282970895585094,USR Glina,USR Ilfov,≤100
114742503771800,Ligia Iunia Dugulescu,Partidul Miscarea Populara,≤100
354052508000510,Dan Ciotoi Generic,These ads ran without a disclaimer,≤100
276092909160685,Eugen Țapu-Nazare,These ads ran without a disclaimer,≤100
474481680018003,Bogdan Toader,PSD Prahova,≤100
201843423259203,Tiberiu Iacob Ridzi,Iacob-Ridzi Tiberiu,≤100
181221645364365,Carmen Avram,Carmen Avram,≤100
107320894052132,Romulus - Valentin Berindeie,These ads ran without a disclaimer,≤100
2077524885664207,Departamentul pentru Tineret și Sport PSD,Partidul Social Democrat,≤100
728051910657088,Scoala de Tatuaje SFINX - UTR,These ads ran without a disclaimer,≤100
390641151143176,Partidul Național Liberal Gorj,Partidul Național Liberal Gorj,≤100
1560147330888040,Winkler Gyula,Winkler Iuliu,≤100
1156053537866042,Ionut Andrei Rednic,These ads ran without a disclaimer,≤100
735350019910389,PNL DOLJ,OLTENIA STAR,≤100
398732663569609,abnews.ro / semne de intrebare,These ads ran without a disclaimer,≤100
375142642519496,Confort Merino,These ads ran without a disclaimer,≤100
113851543321518,Mario De Mezzo,DE MEZZO MARIO-LUCIAN,≤100
263246294165358,Corpul Experților Contabili și Contabililor Autorizați din România,These ads ran without a disclaimer,≤100
114697377104880,Ionel Stancu,Pîrvulescu Ionuţ Silviu,≤100
217898854998288,Partidul Verde Bucuresti,Partidul Verde,≤100
581389548564155,Asociația Necuvinte,These ads ran without a disclaimer,≤100
393265311009584,Podișul Nord Dobrogean,These ads ran without a disclaimer,≤100
102339148154773,Andrei Baciu,Andrei Baciu,≤100
988607871174850,Grupul de Investigatii Politice,These ads ran without a disclaimer,≤100
1181288731911812,Pneumologie si Medicina somnului - Dr. Anamaria Necula,These ads ran without a disclaimer,≤100
1738339926491503,Silviu Dehelean,Cabinet Parlamentar Silviu Dehelean,≤100
471764082950159,Sebastian Burduja,Sebastian Ioan Burduja,≤100
100153694688775,AntiRezist,These ads ran without a disclaimer,≤100
763448183819486,Alternativa Dreaptă,Valentin Licxandru,≤100
416103301931791,Adrian Todoran Impreuna pentru Maramures,Adrian Todoran Deputat pentru Maramures,≤100
532858320425932,NewsMaker.ro,These ads ran without a disclaimer,≤100
109306650799421,Patrioții.Info,Curierul Românesc,≤100
1224068470955946,Cristian Galea,Cristian Galea,≤100
100697461888718,Nicolae Ivășchescu,Market Foto,≤100
358943770876364,Cătălin Viorel Nan,Cătălin Nan,≤100
207741001672,Speranta pentru Romania,These ads ran without a disclaimer,≤100
103886954451099,PRO Romania Municipiul Suceava,PRO Romania Suceava,≤100
361935444151311,Nicoleta Pauliuc,These ads ran without a disclaimer,≤100
1565657143706900,Andaluzia Luca,Partidul Social Democrat Organizatia Tulcea,≤100
112571523480822,Un Om Presedinte,Networld IT&C SRL,≤100
100821965221766,RO365,RO365.RO,≤100
106999577535559,Pentru o Dunare cu apele curate,Cismart Engines,≤100
197777083568806,JYSK Romania,These ads ran without a disclaimer,≤100
187935071639,RFI Romania,These ads ran without a disclaimer,≤100
879370445455346,Repatriot,Repatriot,≤100
106117859442264,Chilly's Bottles,These ads ran without a disclaimer,≤100
110508400795493,Teodor Lazăr,USR Bacău,≤100
108821710734046,Mihai Isvoranu,Mihai Isvoranu,≤100
182777045130046,PES activists Romania,These ads ran without a disclaimer,≤100
448680845198693,Șerban Nicolae,Georgiana Lucretia Apostolescu,≤100
746812848816647,Secția consulară a Ambasadei României la Londra,These ads ran without a disclaimer,≤100
1685969901658705,Campulung Muscel - Prima Capitala a Romaniei,Bivol Florin,≤100
1412594878832282,Cornel Mircea Samartinean Deputat Timis,Mutruc Alexandru,≤100
107286637745149,Aparat Auditiv,These ads ran without a disclaimer,≤100
1585243028421258,PSD Prahova,PSD Prahova,≤100
402129633911416,News.ro,These ads ran without a disclaimer,≤100
261202277284497,Theodor Paleologu,Theodor Paleologu,≤100
528408150903547,Stelian Ion,These ads ran without a disclaimer,≤100
501525003586271,Natură Cultură Societate civilă,These ads ran without a disclaimer,≤100
719780158165645,Claudiu Daniel Catana,Startupbusiness,≤100
125414364282605,Daniel Fenechiu,These ads ran without a disclaimer,≤100
339973510194748,Departamentul pentru Turism - Partidul Social Democrat,Partidul Social Democrat,≤100
468508013320444,Vlad Alexandrescu,Vlad Alexandrescu,≤100
158929134194,HotNews.ro,These ads ran without a disclaimer,≤100
374732932875721,"Voteaza, conteaza",These ads ran without a disclaimer,≤100
1983789615225849,Partidul Adevăr și Dreptate - PAD - România,These ads ran without a disclaimer,≤100
105499934397561,TNL Târgu Lăpuș,TNL Târgu Lapuș,≤100
1264511736966134,BonLaVie,These ads ran without a disclaimer,≤100
779172575495699,Migroconsult,Migroconsult,≤100
308576102533956,Gazeta Brasovului,Alexandru Petrescu,≤100
1772039399702006,Alternativa Dreapta Galati,Alternativa Dreapta Galati,≤100
102169498053655,NuRezist,NuRezist,≤100
106467054277506,Filtre-Doulton,Dragos-Mihai Girlovan,≤100
102356865024489,Stefan Tinta,ModernArtDesign SRL,≤100
111463417179582,Alianța Renașterea Națională,Alianța Renașterea Națională,≤100
581389548564155,Asociația Necuvinte,Asociația Necuvinte,≤100
109250603966787,Augustin Maftei,Maftei Augustin,≤100
108518463815288,Tonomate Liberale,These ads ran without a disclaimer,≤100
360184320712594,Raluca Turcan,PNL SIBIU,≤100
106739977698088,Marius Eugen Ostaficiuc,PSD Iasi,≤100
495866263807900,Editura Cetatea de Scaun,Margarit Dan,≤100
425074431631411,G4 Media,These ads ran without a disclaimer,≤100
1753953314727669,Constantin Iacov,Constantin Iacov,≤100
157252641338,OANDA,These ads ran without a disclaimer,≤100
440713319814525,Petre Anghel,Adrian Frasineanu,≤100
104608564296964,Xương Khớp Ông Bảo,These ads ran without a disclaimer,≤100
958364000868431,PMP TV,These ads ran without a disclaimer,≤100
701122183654382,Alin Dumitrana,These ads ran without a disclaimer,≤100
241799292859420,Startarium,These ads ran without a disclaimer,≤100
103382548033036,DescoperaBraila.ro,These ads ran without a disclaimer,≤100
108818130851166,Andrei Lupu,Andrei-Răzvan Lupu,≤100
427656597297153,Gabriela Firea,Gabriela Firea,≤100
106133104358809,TELESHOPTV.ro,These ads ran without a disclaimer,≤100
937248019750800,Dinu Socotar,Partidul Social Democrat filiala Mureș,≤100
364446500390294,Ilan Laufer,These ads ran without a disclaimer,≤100
104844421119382,Anca Elena Bălășoiu,PRO Romania Bucuresti,≤100
434422389926419,PNL Sector 2,Partidul Național Liberal,≤100
509548582409324,Ghidul Primãriilor,Ghidul Primariilor,≤100
1724781964475116,Lavinia Cosma,These ads ran without a disclaimer,≤100
301737653261681,Stelian Dolha,UB Global Media,≤100
104514681081602,Bihor News,Tild Consulting,≤100
101754904973642,Constantin Nițe,Constantin Nițe,≤100
1981456161950491,PSD ILFOV,These ads ran without a disclaimer,≤100
204397909629079,Rares Bogdan,ETIS Design,≤100
1069070156464623,PSD Nadlac,These ads ran without a disclaimer,≤100
227578001357165,Ionel Dancă,These ads ran without a disclaimer,≤100
1354903627930090,UrbanizeHub Romania,UrbanizeHub Romania,≤100
102209704492328,Votează unde contează,Voteaza Unde Conteaza,≤100
754777421291087,Florentina Gherghiceanu,Carmen Sandu,≤100
240163912716219,eDevize,These ads ran without a disclaimer,≤100
108097164283167,Sorin George Ciucu,PNL Olt,≤100
1242340265801824,Reserved,These ads ran without a disclaimer,≤100
102929151672942,Revista Patronatului Roman,These ads ran without a disclaimer,≤100
104369191623224,Itsmylife,These ads ran without a disclaimer,≤100
592204747588011,Momentum Mozgalom,These ads ran without a disclaimer,≤100
678840505584990,PNL Bucuresti,Rus Alexandra,≤100
932511363436611,Cristian Dima,ALDE Galati,≤100
160264847958816,Fashion Cool,These ads ran without a disclaimer,≤100
958364000868431,PMP TV,Amerisoft,≤100
107987727697386,Narciz AMZA - Candidat Independent Eforie,Narciz Amza,≤100
117699898246474,Centrul Roman de Politici Europene - CRPE,Centrul Roman de Politici Europene - CRPE,≤100
140184762681375,Cord Blood Center Romania,These ads ran without a disclaimer,≤100
215405775174990,Falca Gheorghe,These ads ran without a disclaimer,≤100
112339373918898,Marian Viorel Tudorică-Măruș,Domi-Cristian Mircea,≤100
306758270008946,Valentin Ștefan,PNL Giurgiu,≤100
984284701624178,Adrian Cozma,Cozma Adrian-Felician,≤100
143552105745124,Vegis,These ads ran without a disclaimer,≤100
622715088387142,Florin Manea,Florin Manea - Partidul Bucuresti 2020,≤100
1551100608459864,Cristina Traila,PNL Filiala București,≤100
153410991395492,Dr Adina Alberts,Adina Alberts - Partidul Bucuresti 2020,≤100
539546522875714,Florăria Cătălina Reșița,Feraru Florin Marian,≤100
101553508438122,Raluca Giorgiana Dumitrescu,ModernArtDesign SRL,≤100
848466542007192,Școala9,Școala9,≤100
514264362028436,Stefan Musoiu,ModernArtDesign SRL,≤100
350888674962511,European Investment Bank,These ads ran without a disclaimer,≤100
471608199716583,Universitatea de Medicina si Farmacie "Carol Davila",These ads ran without a disclaimer,≤100
358842954229021,Tomis the Cat,These ads ran without a disclaimer,≤100
111367277094822,Otilia Sava oficial,Otilia Sava,≤100
618899354811552,Cristian Daniel Stan,"PSD Dâmbovița, Cod Mandatar Financiar: 21200019",≤100
587266261407195,POLITICO Europe,These ads ran without a disclaimer,≤100
347096288718051,Daniel Popescu,Daniel Popescu - Deputat USR,≤100
1424579967840864,European Court of Auditors,These ads ran without a disclaimer,≤100
145989089486723,ARMA,Darius Radu Constantin,≤100
2097401573836964,Responsabil DPO,These ads ran without a disclaimer,≤100
192381083777,Hyundai Worldwide,These ads ran without a disclaimer,≤100
471673660019608,Ziar Neamț,Neamț Politic,≤100
158402677555776,European External Action Service - EEAS,These ads ran without a disclaimer,≤100
104218904688722,Hubert Thuma,Partidul Național Liberal,≤100
337205269990578,Bogdan-Constantin Matei,These ads ran without a disclaimer,≤100
739546396098237,Rompetrol - KMG International,These ads ran without a disclaimer,≤100
1449052665318446,European Asylum Support Office - EASO,These ads ran without a disclaimer,≤100
442867569065687,Mihail Neamtu,Partidul Miscarea Populara Sector 3,≤100
87761771986,Pepsi,These ads ran without a disclaimer,≤100
175570835813637,Association for Civil Rights in Israel (ACRI),These ads ran without a disclaimer,≤100
100820328496948,Alexandru Bucălău,Alexandru Bucalau,≤100
603874909641104,PNL Ilfov,PNL Ilfov,≤100
956355914376802,Bogdan Ivan Gruia,Bogdan Ivan Gruia,≤100
474900066027429,Marian Cucsa,STARTUPYOURBUSINESS,≤100
275836049523837,ACCA FINANCIAL SERVICES,ACCA Financial Services,≤100
106620659474852,Tanase Stamule,Tănase Stamule,≤100
1568247196820750,Partidul Social Democrat Covasna,Partidul Social Democrat Covasna,≤100
1627942050578477,Mara Calista,Mara Daniela Calista,≤100
1818037491742463,A7TV,A7TV,≤100
238823196246393,Andrei Popescu,Andrei Popescu,≤100
138824582821033,Ursus,These ads ran without a disclaimer,≤100
772823779394341,Mugur Cozmanciuc,Partidul Național Liberal,≤100
168212409904943,Madalin Augustin Ionescu,These ads ran without a disclaimer,≤100
360672274021103,Consiliul National al Intreprinderilor Private Mici si Mijlocii din Romania,These ads ran without a disclaimer,≤100
110752262946048,Crypterium,These ads ran without a disclaimer,≤100
101856385022532,Mircea Vancia,Vancia Mircea,≤100
1992712767649895,Adrian Miuțescu,ETIS Design,≤100
207673790490,Marian-Jean Marinescu,These ads ran without a disclaimer,≤100
196071243914443,Partidul Miscarea Populara - ILFOV,Partidul Mișcarea Populară,≤100
661024020617815,Emil Radu Moldovan,Emil Radu Moldovan,≤100
1190871690932388,Petre Ionel,These ads ran without a disclaimer,≤100
119580058093959,Andy Szekely,These ads ran without a disclaimer,≤100
103826231302290,George Mioc,These ads ran without a disclaimer,≤100
615300575244417,Ponturi Pariuri PRO,These ads ran without a disclaimer,≤100
1930703783625250,Sorin Vrajitoru,Sorinel-Marian Vrajitoru,≤100
425879067570544,Florica Chereches,ETIS Design,≤100
101801151737136,Radu Moisin,TMK Research Services,≤100
278180907799,Telekom Romania,These ads ran without a disclaimer,≤100
919232861444360,European Youth Event,These ads ran without a disclaimer,≤100
108723169291363,Daniel Suciu,Daniel Suciu,≤100
748168345273622,Romapis,Constantin Dobrescu,≤100
1876727935882404,Bogdan Bola,Partidul National Liberal,≤100
1803205600004287,Atelier Nichita,These ads ran without a disclaimer,≤100
111105537419564,Oana Murariu,"Partidul Libertate, Unitate și Solidaritate",≤100
107679567729218,Ion Cupă,PMP Severin,≤100
125656290834054,Liviu Marian Pop,Liviu Marian Pop,≤100
100349518208352,Comix,Comix,≤100
579634489380884,Tudor Rares Pop - Deputat USR,Rares-Tudor Pop,≤100
105116684648056,Alianta pentru Unirea Romanilor - Marginea,Daniel Prelipcean,≤100
112792630517232,Cristian Cimpanu,USR Botoșani,≤100
757155141064687,Ionuț Vulpescu,These ads ran without a disclaimer,≤100
1653699758248627,Ion ȘTEFAN,ETIS Design SRL,≤100
772662992868343,PNL Arges,Partidul National Liberal Organizatia Arges,≤100
126087738920655,Daniela Elena Rădulescu,Daniela Elena Radulescu,≤100
203522683752565,Stelian Bujduveanu,Bujduveanu Stelian,≤100
107104984125855,Ramona Cupă președinte PMP Mehedinți,PMP Severin,≤100
122074554119,EU Social,These ads ran without a disclaimer,≤100
110661800329158,Valentin Ivancea,Valentin Ivancea,≤100
124634147604996,Gheorghe Bogdan Tomoiagă,These ads ran without a disclaimer,≤100
101271084785776,Nicolae Ciocîrlan,Nicolae Ciocîrlan,≤100
102171051524748,Bogdan Brătianu,Partidul Alianta Liberalilor si Democratilor - ALDE  Sector 3,≤100
213084412461199,Alexandru Muraru,PNL IASI,≤100
148097975226385,Party of European Socialists,Party of European Socialists,≤100
451834231541982,Luminita Barcari,Arthur and Regents,≤100
815735411826201,Socioblog.ro,ZODIAN ALEXANDRU-SERBAN,≤100
103294104428366,Cezar Dragoescu,Cezar Dragoescu,≤100
101234161684006,Adrian Moraru,PNL Sector 3,≤100
393037280875657,Europe in my region,These ads ran without a disclaimer,≤100
1452795161414932,AR  Jewels&Diamonds,These ads ran without a disclaimer,≤100
528628057667731,USR Cerna,These ads ran without a disclaimer,≤100
111500596949704,Umbrela Albastra,These ads ran without a disclaimer,≤100
526411640878009,USR Vaslui,Uniunea Salvați România,≤100
109774647451977,OFA UGIR,Mirabela Miron,≤100
1929576413983307,Ciprian  Ciceu,Ciprian Ciceu,≤100
440902859280970,GodSaidManSaid,These ads ran without a disclaimer,≤100
109181830661759,Răzvan-Toma STĂNCIULESCU,Angelo-Daniel Ivan,≤100
109716577272228,Alianța USR PLUS Bistrița-Năsăud,Alianța USR PLUS Bistrița-Năsaud,≤100
106110847823463,JurisDictio,These ads ran without a disclaimer,≤100
237037773115355,Botea Viorel,Partidul Miscarea Populara- Filiala Braila,≤100
186998094751949,Tineretul Național Liberal,These ads ran without a disclaimer,≤100
447704011932385,Hegedüs Csilla,RMDSZ,≤100
1752873864954644,Robert Sighiartau,These ads ran without a disclaimer,≤100
415604782569895,Daystechar,These ads ran without a disclaimer,≤100
446198175563566,Marilen Gabriel Pirtea,ETIS Design,≤100
586281345388011,Alexandru Ciochină,Alex Ciochina,≤100
117680500015197,Jaf la Primaria Craiova,Laura Claudia Hăinaru,≤100
516658892133415,Heroic - Magic Duel,These ads ran without a disclaimer,≤100
841853102562639,Alexandru Dănăilă-Zaharia,Purice Marian,≤100
1065353630146161,Ionut Simionca,Ionut Simionca,≤100
1422516211298091,Total Impact,Total Impact,≤100
654183651296677,Mircea Diaconu,DGI Multimedia Design,≤100
1612503615709884,Dr. Vass Levente,Dr. Vass Levente,≤100
370318969737636,Gabriel Liviu ISPAS,PRO România,≤100
412140715514446,Florin-Alexandru Alexe,PNL Maramureş,≤100
156509287741553,Tiger Energy Drink - Romania,These ads ran without a disclaimer,≤100
2380746071976634,USR Județul Hunedoara,Partidul Uniunea Salvați România,≤100
588252871551498,RoboMarkets,These ads ran without a disclaimer,≤100
215158678540954,AJC Transatlantic Institute,These ads ran without a disclaimer,≤100
1565031267093821,PNL Botoșani,Partidul Naţional Liberal,≤100
828728423846906,Gabriel Mutu,These ads ran without a disclaimer,≤100
330398234090929,Cristian Galescu,Cristian Pavel Galescu,≤100
107618231143305,PNL Sector 3 Pallady,DEACONU ALEXANDRU-STEFAN,≤100
105860297893714,Alin Prunean,Alin Prunean PLUS,≤100
197010651097652,PNL Comuna Bonțida Cluj,TMK Research Services,≤100
2392327931036570,Brightmark,These ads ran without a disclaimer,≤100
179933162500602,Toma Petcu,PNL Giurgiu,≤100
581882722477765,Mihai Petricaș,Ancka Morariu,≤100
145472775524128,David Birtas,David Birtas,≤100
545556542249685,PER Oras Eforie,Carlos Boşogeanu,≤100
108445204615241,"Cursuri de Calificare, Specializare, Perfectionare si de Initiere",These ads ran without a disclaimer,≤100
110718070836873,Sandu Viorica,Tiberiu Ivan,≤100
227595305255851,Claudiu Crăcea,Claudiu Crăcea,≤100
789145404449958,Constanţa Altfel,Constanţa Altfel,≤100
299054987630199,Turenschi Aurelia - Maria,Aurelia Turenschi,≤100
133352956714249,Hârşova,These ads ran without a disclaimer,≤100
101775851675998,Werner Braun,"BDO pentru Werner Braun, PNL Brasov",≤100
1091704300978721,Jsay Prevarsity,These ads ran without a disclaimer,≤100
426022860882731,Andra Plesa,These ads ran without a disclaimer,≤100
293215748279337,România fără PSD,SMART TEHNOLOGIES BUSINESS S.R.L,≤100
1619539008325448,Partida Romilor "Pro-Europa",Nicolae Paun,≤100
1614543505464741,autowass,Ovidiu Vasile Boitor,≤100
2785833164778875,MAKAB,MAKAB,≤100
29092950651,TED,These ads ran without a disclaimer,≤100
106924964577130,Povestește România,Ideal Picture,≤100
100567221363408,Bogdan Dragnea,Petre-Bogdan-Catalin Dragnea,≤100
113686556763800,Joy_fan,These ads ran without a disclaimer,≤100
2285577641510146,Geocycle,These ads ran without a disclaimer,≤100
105243537838252,Silviu Ionel Pravat,Silviu Ionel Pravăț,≤100
1859195804406999,USR Năvodari,Uniunea Salvați România filiala Constanța,≤100
100727171487090,Andra Costache,Branding Digital Strategy,≤100
804772446345825,Kärcher Home & Garden,These ads ran without a disclaimer,≤100
242021839233699,Constanta de Odinioara,These ads ran without a disclaimer,≤100
209340592846640,Andrei Voicu Hipnotistul,These ads ran without a disclaimer,≤100
109868933980394,Opiniada,Stelian Negrea,≤100
73970658023,International Rescue Committee,These ads ran without a disclaimer,≤100
110690456994830,Theodora Benedek,Partidul Național Liberal,≤100
108667187694061,Andrei Radu Negrilă,Partidul Miscarea Populara,≤100
1653726584879481,Mihai Fifor,Psd Arad CMF 11200020,≤100
661024020617815,Emil Radu Moldovan,These ads ran without a disclaimer,≤100
108783407558930,PNL Berzasca,PNL Berzasca,≤100
701812826650904,Isidor Raducea,Raducea Isidor,≤100
362437290495506,Cornel Popa,These ads ran without a disclaimer,≤100
110059602410495,Mihai Troaca,These ads ran without a disclaimer,≤100
369776030454893,PLUS Timiș,PLUS Timiș,≤100
360184320712594,Raluca Turcan,Partidul Național Liberal,≤100
108304090952938,Mihai Weber,PSD Gorj,≤100
1773530052913473,Fundația Humanitas Aqua Forte,Editura Humanitas,≤100
1164341813627057,Maria Gabriela Horga,Partidul Naţional Liberal,≤100
1737421783162136,Miroslav Tașcu-Stavre,USR Caraș-Severin,≤100
106606257631393,Lorant Sas,Alianța USR PLUS Bistrița-Năsaud,≤100
1415002928807791,PNL Arad,PNL Arad,≤100
1099964106795102,Organizația Patronilor Sălaj,Alin Buză,≤100
106142954616756,Radu Grigoraș,Radu Grigoras,≤100
109956797028679,Mihaela-Viorica Stoiciuc,Mihaela-Viorica Stoiciuc,≤100
265781023507354,Facebook London,These ads ran without a disclaimer,≤100
1585243028421258,PSD Prahova,Zebra Events,≤100
518360088519274,Cristache Cătălin,MUNTEANU MARIUS-CATALIN,≤100
211062256194413,7 IASI,7 IASI,≤100
434422389926419,PNL Sector 2,PNL sector 2,≤100
149371012371397,Newsweek Romania,These ads ran without a disclaimer,≤100
151702765627226,Partidul Oamenilor Liberi/Szabad Emberek Pártja/Partei Der Freien Menschen,Partidul Oamenilor Liberi,≤100
286785198103686,Sógor Csaba,Sógor Csaba,≤100
110590920721382,Știrile Botoșaniului,Știrile Botoșaniului,≤100
107912987433942,USR Ghindăreşti,USR Constanța,≤100
111450667287518,Iustin Dumitrescu,Iustin Dumitrescu,≤100
676692975786082,Fun Games For Free,These ads ran without a disclaimer,≤100
370816919755641,Bogdan Huţucă,PNL Constanţa,≤100
100845221671885,Adrian Solomon,Adina Oana Pătr,≤100
115915593115876,Delicatessen,These ads ran without a disclaimer,≤100
887171274665975,ALDE Sector 4-Partidul Alianța Liberalilor și Democraților,Angel Dumitrescu,≤100
1473256882891685,Mihai Huzău,Mihai Huzau,≤100
644108472676492,Violeta Alexandru,ETIS Design SRL,≤100
631072250420945,Gheorghe Caralicea,Alin-Alexandru Caralicea,≤100
185088338177066,PNL IASI,Partidul Naţional Liberal,≤100
2213828782003986,Calin Bibart,Calin Bibart,≤100
2201068310197273,PNL Organizatia RamnicuSarat,These ads ran without a disclaimer,≤100
106006667507959,Sorin Vasile Ionita,Sorin Vasile Ionita,≤100
636615956364844,Gabriel Petrea,Pro România,≤100
105075450909329,Partidul Impreuna Pentru Moldova,These ads ran without a disclaimer,≤100
582397865304291,Cupşa Ioan,ETIS Design,≤100
2201068310197273,PNL Organizatia RamnicuSarat,Viorel Holban,≤100
103043008188369,Constantin-Alexandru Asandei,PLUS Neamț,≤100
104835584539665,Rețeaua pentru Educație,Reteaua pentru Educație,≤100
390855171647188,Partidul Social Democrat-Departamentul pentru Infrastructura si Transport,Partidul Social Democrat,≤100
100580925140105,Ion Iordache,Partidul National Liberal,≤100
107048211136339,Magdalena Trofin,USR Prahova,≤100
689386518104305,Radu Mihaiu,Mihaiu Radu-Nicolae,≤100
530917126960355,Plaiul Nou Music Band,These ads ran without a disclaimer,≤100
453165548494140,Ecologie Natură Cultură,These ads ran without a disclaimer,≤100
2125138604189213,Partidul Social Democrat - Departamentul pentru Politică Externă,Partidul Social Democrat,≤100
106989550717001,Alianța pentru Unirea Românilor Iași,ALIANȚA PENTRU UNIREA ROMÂNILOR,≤100
668319153280411,Corina Martin,Partidul Ecologist Român,≤100
318703191616093,Doris  Rai,Doris Gabriela Rai,≤100
1793510380925494,USR Diaspora,These ads ran without a disclaimer,≤100
589113161590901,Bealcovschi Bogdan,Bogdan Bealcovschi,≤100
1822713288007514,George-Sergiu Niculescu,George Niculescu,≤100
1551223341779435,Bogdan T. Popovici,Bogdan Popovici,≤100
815387381909755,Fashion Boudoir Boutique,These ads ran without a disclaimer,≤100
161582543936194,Viorel Badea,ETIS Design,≤100
666955970114077,PSD Navodari,George Paraschiv,≤100
105427834614285,Mohammad Murad,Mohammad Murad,≤100
549524575454657,Daniela Nicolescu,Daniela Nicolescu,≤100
669089356470657,Magyarság Háza,These ads ran without a disclaimer,≤100
798375087197159,Interzis la stânga,These ads ran without a disclaimer,≤100
240359957154014,Cristina Haiduc Avocat,Sprint Multimedia SRL,≤100
125414364282605,Daniel Fenechiu,Branding Digital Strategy,≤100
340923316000910,Ziar Roman,Media PR Grup,≤100
331180117476294,"Partidul Libertate, Unitate și Solidaritate - PLUS Alba",PLUS,≤100
2212856535602171,George Simion,These ads ran without a disclaimer,≤100
942886292473118,Ovidiu Nechita,e-ProDesign,≤100
2022868144593694,Partidul Mișcarea Populară Suceava Oficial,Partidul Mișcarea Populară,≤100
808773709245245,Nicolae Giugea,Nicolae Giugea,≤100
107517387805990,Fablook,Hassan Almansour,≤100
108912420833522,Eduard Koler,Partidul Mișcarea Populară - Filiala Mehedinți,≤100
115390359901053,Voicu Paul,PNL Alba,≤100
104920214795004,Petrica Theodor-Claudiu,Claudiu Petrica,≤100
235026303841710,WKD.,Claudia Dumitru,≤100
307493356308015,Mihai Fifor pentru ARAD,Chesa Ilie,≤100
1746545138976406,Dan Ghiurco,These ads ran without a disclaimer,≤100
104844421119382,Anca Elena Bălășoiu,PRO România,≤100
157305331646935,Aripi de Înger,Lazăr Laurenţiu,≤100
424471751032326,Ecopolitic News,These ads ran without a disclaimer,≤100
582450865594754,Stiripesurse  .ro,These ads ran without a disclaimer,≤100
528191413946106,Avon Reprezentant,These ads ran without a disclaimer,≤100
618984848617430,Ioan Popa,PNL Caraș-Severin,≤100
310836972272215,ASUR - Asociatia Secular-Umanista din Romania,ASUR - Asociatia Secular-Umanista din Romania,≤100
113795383753850,Viorel Băltărețu,Viorel Baltaretu,≤100
100118158334618,Revista Presei,Eugen Eduard David,≤100
105142421400429,Cătălin Codrescu,Catalin Codrescu,≤100
474481680018003,Bogdan Toader,Bogdan Toader,≤100
330932571103970,Partidul Social Democrat - Departamentul pentru Sănătate,Partidul Social Democrat,≤100
112953853591210,Sergiu Sechelariu,Box Solutions SRL,≤100
113341383419507,InfoBistrița.ro,InfoBistrița.ro,≤100
379764119165221,Partidul “ADER Sector 5”,These ads ran without a disclaimer,≤100
360646214023384,Ben Oni Ardelean,Ben Oni Ardelean,≤100
432307987518924,Povestea Mea,These ads ran without a disclaimer,≤100
2005695809725722,Știri China,Știri China,≤100
109636277157775,Shop Box Concept,Razvan Radulescu,≤100
1046576302107963,Ciprian Serban,Media PR Grup,≤100
346388249074060,Cristian Marius Niculae,These ads ran without a disclaimer,≤100
618984848617430,Ioan Popa,Apostol Andrei,≤100
479739062090767,Oltenita.RO,Oltenita.RO,≤100
2483623521665421,PLUS Vrancea,PLUS,≤100
357851724578369,Asociația Forestierilor din România - ASFOR,Asociația Forestierilor din România - ASFOR,≤100
220262955197843,PressHub,Freedom House,≤100
563475397026884,Kit Unghii Gel,These ads ran without a disclaimer,≤100
779172575495699,Migroconsult,These ads ran without a disclaimer,≤100
174291436685142,Gabriel Valer Zetea,Partidul Social Democrat,≤100
406641929502791,Prodocens Media,These ads ran without a disclaimer,≤100
1675486856071586,Vetro,These ads ran without a disclaimer,≤100
417659721684577,Luxury Travel LTD,Luxury Travel LTD,≤100
994143390723921,Cristina Coroblea,Cristina Coroblea,≤100
101004008355035,Taverna Culturală,Teodor Dumitrescu,≤100
464633280396762,Catalin Toma,Cătălin Toma,≤100
212588722543134,Tudor Polak,Partidul Naţional Liberal,≤100
100497135215719,Groza Liviu Ciprian- Candidat Ppu-Sl la Camera Deputatilor,Liviu-Ciprian Groza,≤100
566539083754522,Fridays for Future Romania,Mihnea Teodor Popescu,≤100
256383721668316,Fonduri Europene,Velcea Partners,≤100
561082167391564,Ion Lungu,Ec. Ion Lungu,≤100
183608293993,One World Romania,One World Romania,≤100
370816919755641,Bogdan Huţucă,ETIS Design,≤100
778174635598273,Kola Kariola,These ads ran without a disclaimer,≤100
2408316402730408,Partidul Social Popular - Român,These ads ran without a disclaimer,≤100
146127302873492,Brăila Nouă - partidul brăilenilor,These ads ran without a disclaimer,≤100
1801899166702042,PNL Brasov,PNL Brasov,≤100
207840049280847,Galeriile Artmark,These ads ran without a disclaimer,≤100
2072762749518261,USR Cristian,Uniunea Salvați România - USR,≤100
1164341813627057,Maria Gabriela Horga,Partidul Național Liberal Giurgiu,≤100
279015256066684,Beatrice Tudor,These ads ran without a disclaimer,≤100
600605850439813,Florin Hozoc,These ads ran without a disclaimer,≤100
226958461967438,Mihaela Scrieciu,Partidul Național Liberal filiala Constanța,≤100
69908827073,Street Delivery București,These ads ran without a disclaimer,≤100
105860297893714,Alin Prunean,PLUS SĂLAJ,≤100
1763042587264495,Unfinished,These ads ran without a disclaimer,≤100
1551223341779435,Bogdan T. Popovici,These ads ran without a disclaimer,≤100
1495468257186706,PRO România București Sector 2,PRO România București Sector 2,≤100
410973195714721,Dumitrascu Costel Aurelian,Costel Aurelian Dumitrascu,≤100
125414364282605,Daniel Fenechiu,ETIS Design,≤100
1407944709476779,Gabriela Zoană,These ads ran without a disclaimer,≤100
709900909075368,PNL Bistrița-Năsăud,PNL Bistrița-Năsăud,≤100
362437290495506,Cornel Popa,ETIS Design,≤100
1473038926165383,Generația PLUS,PLUS,≤100
272271606195620,Ştiri de dreapta,Serban Suru,≤100
182546041796641,Costel Alexe,ETIS Design,≤100
291871461655780,PLUS Bucureşti,These ads ran without a disclaimer,≤100
143576145846767,Pușcaș Ionel,These ads ran without a disclaimer,≤100
101351271369054,Tătăruș Ionel dezbateri-initiative cetatenesti Chiscani,Tătăruș Ionel,≤100
125397431421695,DailyDriven.ro,These ads ran without a disclaimer,≤100
549060328625132,Caile Vindecarii by Elena Paula Stiubei,These ads ran without a disclaimer,≤100
694605284013356,USR Teleorman,These ads ran without a disclaimer,≤100
334527190575888,Ziarul-Financiar,These ads ran without a disclaimer,≤100
339954586863928,Departamentul pentru Ape și Păduri,Partidul Social Democrat,≤100
220261894740674,Calin Buzgau,BUZGAU ADRIAN-CALIN,≤100
100141965059487,George C. Pribac,George Ciprian Pribac,≤100
1149297625184695,Mircea Draghici,These ads ran without a disclaimer,≤100
473363713188731,PLUS Constanța,PLUS Constanta,≤100
712323618907367,Cristian Gavra,Isidor's Software Solutiosn SRL,≤100
1140510482748359,USR Buzău,Partidul Uniunea Salvați România,≤100
458397014327039,Adrian Mocanu,These ads ran without a disclaimer,≤100
100397374873309,Călin Bota,PNL Maramureş,≤100
1559885467641191,Râul Alb,Râul Alb,≤100
831902890162071,TUV Austria Romania,These ads ran without a disclaimer,≤100
112807650633221,Vlad Popescu,Webmastery Studio SRL,≤100
1775234046042208,Tudorita Lungu,Tudorita Lungu,≤100
1566276376993897,Sebastian Moise,Partidul Miscarea Populara Bucureşti,≤100
215093785651637,Reiden Business Consulting Bucuresti,These ads ran without a disclaimer,≤100
317118945853306,G4 Media.ro,These ads ran without a disclaimer,≤100
1412594878832282,Cornel Mircea Samartinean Deputat Timis,Partidul Mișcarea Populară Timiș,≤100
1385405838141456,USR Prahova,USR Prahova,≤100
600715153300425,Ion Raducanu,These ads ran without a disclaimer,≤100
1376775425982917,Asociatia de Podiatrie,Mihai-Csaba Szigeti,≤100
180668801950455,Librex,These ads ran without a disclaimer,≤100
101513134979277,Anton-Traian Antoniadis,Andrei Lucian Bujaki,≤100
267044410338956,Gheorghiu Bogdan,ETIS Design,≤100
1509186855783947,Lucian Valeriu Andrei,These ads ran without a disclaimer,≤100
597628950360100,Dames,Simona Ciobotaru,≤100
344556802313553,PSD Targoviste,Daniel Cristian Stan,≤100
1422572827981266,resita.ro stiri,resita.ro stiri,≤100
506661762854386,USR Suceava,Uniunea Salvați România,≤100
109556372802910,USR Dolj,Uniunea Salvați România,≤100
218105241693332,Graphein,These ads ran without a disclaimer,≤100
141044529284529,Cristian Manafu (Manafu.ro),Cristian Manafu,≤100
247245385651467,USR Olt,ANTON SILVIU-CRISTIAN,≤100
230785173665770,Nicușor Dan,Dan Nicosur Daniel,≤100
1881461575305499,Dreapta Liberală - DL,These ads ran without a disclaimer,≤100
109867070876852,George Şinghi,Popescu Cristian,≤100
600605850439813,Florin Hozoc,Florin Hozoc,≤100
444340962443453,Ovidiu Anghel,Partidul Mișcarea Populară Filiala Județeană Buzău,≤100
109764447096365,Gheorghe Sârbu,George Sarbu,≤100
1120024531500849,Eugen Terente -Tulcea,Terente Eugen,≤100
110327810572034,Alexandru Cristian Amza,USR Timiș,≤100
345401362683969,Kosmos Kids,These ads ran without a disclaimer,≤100
1650055165260140,Marin Lupaș,Marin Lupaș,≤100
1612373492325952,PNL Caras Severin,These ads ran without a disclaimer,≤100
924354934394338,Iulian Lorincz,Iulian Lorincz,≤100
100475128025489,USR PLUS Vatra Dornei,PLUS Suceava,≤100
113404033776885,Herta Gabriel Vasile,Gabriel Vasile Herta,≤100
894933990660369,Partidul Mișcarea Populară Lugoj,Partidul Miscarea Populara Filiala Timis prin GO MEDIA SRL,≤100
1035965773083960,Chelaru Florin,Chelaru Florin,≤100
467572900069045,News Flash,These ads ran without a disclaimer,≤100
137220323046736,Marian Petrache,These ads ran without a disclaimer,≤100
204909683004506,Partidul Mișcarea Populară Iași,Partidul Mișcarea Populară,≤100
1653699758248627,Ion ȘTEFAN,These ads ran without a disclaimer,≤100
463917500346335,PSD NEAMT,Media PR Grup,≤100
331115237580416,PlatinumCasino.ro,These ads ran without a disclaimer,≤100
213568095326901,Vasile Cristian Achiței,Partidul National Liberal - filiala Botosani,≤100
298296370866904,USR Nufaru,These ads ran without a disclaimer,≤100
603712659719597,Călărași PRESS - www.calarasipress.ro,Călărași PRESS - www.calarasipress.ro,≤100
354490278034211,TNL Brăila,Pascale Daniela Andreia,≤100
101571144752188,Ștefan Gica,Oana Maria Andrei,≤100
362189887913523,Renshengshop,These ads ran without a disclaimer,≤100
374999635943550,Iurie Leancă,These ads ran without a disclaimer,≤100
337139906920844,Ring Tunes,These ads ran without a disclaimer,≤100
312567513172,Tufina Watches,These ads ran without a disclaimer,≤100
1635736753328236,Fortrade Online Trading,These ads ran without a disclaimer,≤100
100765991641514,Marian Tinjala,These ads ran without a disclaimer,≤100
890121891123849,"Viitorul României - Simboluri, Mesaje, Imaginea și Demnitatea Națională",These ads ran without a disclaimer,≤100
1363680237011254,Project Ascension,These ads ran without a disclaimer,≤100
212522786100675,Terra Clinique,These ads ran without a disclaimer,≤100
102989511563764,Courtney,These ads ran without a disclaimer,≤100
113797536664479,Trà Tiêu Trĩ +,These ads ran without a disclaimer,≤100
771947142920359,IReader,These ads ran without a disclaimer,≤100
216311481960,Bill Gates,These ads ran without a disclaimer,≤100
257641631450,HBO Romania,These ads ran without a disclaimer,≤100
125179374733697,Big News Buzz,These ads ran without a disclaimer,≤100
407413792695356,Peter Costea,These ads ran without a disclaimer,≤100
734063220003496,Proces Clauze abuzive contracte credit si denominare,These ads ran without a disclaimer,≤100
150527751674751,Greens/EFA in the European Parliament,These ads ran without a disclaimer,≤100
2066476496799515,Frigyes Szőke,These ads ran without a disclaimer,≤100
170806736923126,Harmony Turbines,These ads ran without a disclaimer,≤100
8002590959,Rainforest Action Network,These ads ran without a disclaimer,≤100
105308854857478,Consumers Digest,These ads ran without a disclaimer,≤100
102389457864860,Treehuggers Bracelets,These ads ran without a disclaimer,≤100
382186268590822,ADF International,These ads ran without a disclaimer,≤100
1836365373266980,Cooking Diary,These ads ran without a disclaimer,≤100
67014122312,U.S. Mission to NATO,These ads ran without a disclaimer,≤100
104176171178150,AniutaStepanovael,These ads ran without a disclaimer,≤100
100521974787780,Marian Mocanu,These ads ran without a disclaimer,≤100
2305444013007903,Sunywayz,These ads ran without a disclaimer,≤100
100635574663391,travelbypassion_intwo,These ads ran without a disclaimer,≤100
281904555771607,Gool Gadgets Go,These ads ran without a disclaimer,≤100
185130644919625,Facebook for Business,These ads ran without a disclaimer,≤100
101176814872722,Global Pride 2020,These ads ran without a disclaimer,≤100
185582988821530,Cătălin Teniță,These ads ran without a disclaimer,≤100
1878320149136407,Rise of Empires: Ice and Fire,These ads ran without a disclaimer,≤100
104164244672412,Who will come after,These ads ran without a disclaimer,≤100
516132605526311,Healty clubs,These ads ran without a disclaimer,≤100
398799110143354,Lev Haolam - Supporting Israel,These ads ran without a disclaimer,≤100
984166948266438,CNN Create,These ads ran without a disclaimer,≤100
203197030603239,8 Billion Trees,These ads ran without a disclaimer,≤100
1691667177798461,Brut,These ads ran without a disclaimer,≤100
182073298490036,Gaia,These ads ran without a disclaimer,≤100
397214577380378,Coremas Depressao,These ads ran without a disclaimer,≤100
1993906840636146,Corteva Agriscience,These ads ran without a disclaimer,≤100
687217898058300,Arion Viorel,These ads ran without a disclaimer,≤100
234535423558415,CGTN App,These ads ran without a disclaimer,≤100
102443441346629,Dr Frank,These ads ran without a disclaimer,≤100
2388354714741824,EcoInnova,These ads ran without a disclaimer,≤100
106514897788569,Frank Meier Watches,These ads ran without a disclaimer,≤100
140716706608231,Left To Survive,These ads ran without a disclaimer,≤100
1085119841501452,Global Manufacturing & Industrialisation Summit,These ads ran without a disclaimer,≤100
109535573842154,Shota Shalelashvili,These ads ran without a disclaimer,≤100